author,reviewRating,reviewBody,dateCreated,reviewUrl,orginalText,name,place_id,aggregateRating
Freda Yang,5.0,Super delicious,a week ago,https://www.google.com/maps/contrib/108715056851290317726/reviews?hl=en-US&sa=X&ved=2ahUKEwjQ3pLrp7v5AhX4BEQIHXI8BlAQvfQBegQIARB1,è¶…ç´šå¥½åƒğŸ˜‹çš„,å‹åˆ©æ´‹é£Ÿ,ChIJFUD2uM2rQjQRnjn-N2UsCbA,4.8
é‚±åœ‹ç’‹,5.0,"The big dumplings are super large, and the marinated vegetables are the essence!",a week ago,https://www.google.com/maps/contrib/104931509892254124515/reviews?hl=en-US&sa=X&ved=2ahUKEwjrzuXqp7v5AhV_KEQIHVEWCJ0QvfQBegQIARAZ,å¤§é¡†æ°´é¤ƒè¶…å¤§é¡†ï¼Œæ»·èœæ˜¯ç²¾è¯ï¼,å—æ¸¯åŒ—å¤§è’æ°´é¤ƒåº—,ChIJv4dK1lirQjQRTurkPAZOiqA,3.8
å³æƒ ç²,4.0,"There is a marked price for lo mei, but there is no unit price for other items on the menu. The lo mei and chili are delicious together, the dumplings are big and the egg skin is too thick, and the sesame sauce noodles are also delicious ğŸ˜‹",a week ago,https://www.google.com/maps/contrib/101189893560064454021/reviews?hl=en-US&sa=X&ved=2ahUKEwiO_a_rp7v5AhULEEQIHdsLA1gQvfQBegQIARBK,æ»·å‘³æœ‰æ¨™åƒ¹ä½ï¼Œå¯æ˜¯èœå–®å…¶å®ƒé£Ÿç‰©æ²’æœ‰å–®åƒ¹ï¼Œæ»·å‘³å’Œè¾£æ¤’æ­é…å¾ˆå¥½åƒï¼Œæ°´é¤ƒå¾ˆå¤§é¡†è›‹çš®å¤ªåšäº†ï¼Œéº»é†¬éºµä¹Ÿå¥½åƒğŸ˜‹,å—æ¸¯åŒ—å¤§è’æ°´é¤ƒåº—,ChIJv4dK1lirQjQRTurkPAZOiqA,3.8
Andy LinSun,3.0,"Lasagna tastes like rubber bands Fireworks Girl's Seafood Noodles are very spicy, be careful if you don't eat spicy food The appetizers, fried seafood and hash browns are super delicious Baked beef cheeks are also delicious You can try dessert if you haven't eaten it, but you can try it once",2 weeks ago,https://www.google.com/maps/contrib/107057121233526925371/reviews?hl=en-US&sa=X&ved=2ahUKEwj52ofsp7v5AhX-KkQIHVh3AcMQvfQBegUIARDxAQ,è‚‰é†¬å¯¬éºµåƒèµ·ä¾†å¾ˆåƒæ©¡çš®ç­‹ ç…™èŠ±å¥³æµ·é®®éºµå¾ˆè¾£ï¼Œä¸åƒè¾£è¦ç•¶å¿ƒ å‰èœç‚¸æµ·é®®è·Ÿé¦¬éˆ´è–¯é¤…éƒ½è¶…å¥½åƒ ç„—çƒ¤ç‰›é °ä¹Ÿè¶…å¥½åƒ ç”œé»æ²’åƒéå¯ä»¥è©¦è©¦ï¼Œä½†å°±åšé®®åƒä¸€æ¬¡å³å¯,Solo Pasta,ChIJwQPcmc-rQjQRtXDQA__PPwg,4.6
é›ªç…¾,5.0,"Donâ€™t be spicy, the result is boosted, itâ€™s almost spicy to death..",a week ago,https://www.google.com/maps/contrib/105000227921881012050/reviews?hl=en-US&sa=X&ved=2ahUKEwiO_a_rp7v5AhULEEQIHdsLA1gQvfQBegUIARCSAQ,ä¸è¦è¾£çµæœè¢«åŠ çˆ† å·®é»è¾£æ­»..,å—æ¸¯åŒ—å¤§è’æ°´é¤ƒåº—,ChIJv4dK1lirQjQRTurkPAZOiqA,3.8
Manzih Hong,3.0,"The dumplings are delicious, big and delicious, the pork filling with leeks is perfect! A piece of 8.5 yuan is very consistent with the CP value. Soups are worth ordering. There are a lot of ingredients. The oyster soup is delicious, but the hot and sour soup is not sour or spicy although it has a lot of ingredients. In terms of luwei, the most recommended is the braised cabbage head and the attached sauerkraut. I ordered the smoked Matsuzaka pork that everyone recommends, but the meat is very dry and the taste is quite salty. Other tofu skin, bitter gourd, and pig scalp are quite ordinary. I didn't give five stars because the environment is really dirty. I hope the boss can take a few days off to clean up the environment. Some places are covered with old dirt and dust, which is frightening. Due to environmental concerns, the frequency of meals will be minimized.",a week ago,https://www.google.com/maps/contrib/101105734907946771011/reviews?hl=en-US&sa=X&ved=2ahUKEwiO_a_rp7v5AhULEEQIHdsLA1gQvfQBegQIARAr,æ°´é¤ƒå¾ˆå¥½åƒï¼Œå¤§é¡†åˆç¾å‘³ï¼Œè±¬è‚‰é¤¡åŠ ä¸ŠéŸ­èœï¼Œå®Œç¾ï¼ä¸€é¡†8.5å…ƒå¾ˆCPå€¼ç›¸ç¬¦ã€‚ æ¹¯é¡å¾ˆå€¼å¾—é»ï¼Œæ–™å¾ˆå¤šï¼Œèšµä»”æ¹¯å¾ˆå¥½åƒï¼Œä½†æ˜¯é…¸è¾£æ¹¯é›–ç„¶æ–™å¤šå¯ä¸é…¸ä¹Ÿä¸è¾£ æ»·å‘³çš„è©±æœ€æ¨æ»·èœé ­å’Œé™„ä¸Šçš„é…¸èœï¼Œé»äº†å¤§å®¶éƒ½æ¨è–¦çš„ç…™ç‡»æ¾é˜ªè‚‰ï¼Œä½†æ˜¯åƒèµ·ä¾†è‚‰è³ªå¾ˆä¹¾æŸ´ï¼Œå£å‘³ä¹Ÿé —é¹¹ï¼Œå…¶ä»–è±†çš®ã€è‹¦ç“œã€è±¬é ­çš®éƒ½é —æ™®é€šã€‚ æ²’çµ¦åˆ°äº”é¡†æ˜Ÿæ˜¯å› ç‚ºç’°å¢ƒçœŸçš„å¤ªé«’äº†ï¼Œå¸Œæœ›è€é—†å¯ä»¥æ‰¾å€‹å¹¾å¤©ä¼‘å‡å¥½å¥½æ•´ç†ç’°å¢ƒï¼Œæœ‰äº›åœ°æ–¹ä½ˆæ»¿äº†é™³å¹´çš„æ±¡å¢å’Œç°å¡µï¼Œä»¤äººæ€µç›®é©šå¿ƒã€‚å› ç‚ºç’°å¢ƒå•é¡Œæœƒå„˜é‡æ¸›å°‘ç”¨é¤é »ç‡ã€‚,å—æ¸¯åŒ—å¤§è’æ°´é¤ƒåº—,ChIJv4dK1lirQjQRTurkPAZOiqA,3.8
AK 777,3.0,The lo-mei shop that was delayed by dumplings? Makes me seem to buy too much ğŸ˜…ğŸ˜…,3 days ago,https://www.google.com/maps/contrib/109680564256485488215/reviews?hl=en-US&sa=X&ved=2ahUKEwjrjsrpp7v5AhWaKkQIHTvpDhQQvfQBegUIARDwAQ,è¢«æ°´é¤ƒè€½èª¤çš„æ»·å‘³åº—ï¼Ÿ å®³æˆ‘å¥½åƒè²·å¤šäº†ğŸ˜…ğŸ˜…,å—æ¸¯åŒ—å¤§è’æ°´é¤ƒåº—,ChIJv4dK1lirQjQRTurkPAZOiqA,3.8
Tina Yang,4.0,"Large portion of dumplings, cooked dumplings $8.5/piece, raw dumplings $8/piece, the lo mein is also very good",3 days ago,https://www.google.com/maps/contrib/117456145920176249674/reviews?hl=en-US&sa=X&ved=2ahUKEwjrjsrpp7v5AhWaKkQIHTvpDhQQvfQBegUIARCKAg,ä»½é‡å¾ˆå¤§çš„æ°´é¤ƒï¼Œç†Ÿæ°´é¤ƒ $8.5/é¡†ã€ç”Ÿæ°´é¤ƒ $8/é¡†ï¼Œæ»·å‘³ä¹Ÿå¾ˆè®š,å—æ¸¯åŒ—å¤§è’æ°´é¤ƒåº—,ChIJv4dK1lirQjQRTurkPAZOiqA,3.8
Kim YH Wang,2.0,"Why can't we use the online reservation system? I have to use the phone, but I don't answer the phone. I went directly to the store to make an appointment. The service staff said that they would not pick me up because I was too busy? Then use the online reservation system? ? ? If the private room is not open to the public, you have to go to the door of the store to see the note on the door. Can you use the online system? Or fan page announcements? Did you know that you can also update today's business conditions on Google maps? Do you want to increase the brand atmosphere of an old store and exclusive brand by continuing to use traditional practices? ? ?",2 weeks ago,https://www.google.com/maps/contrib/104851289545033340208/reviews?hl=en-US&sa=X&ved=2ahUKEwj52ofsp7v5AhX-KkQIHVh3AcMQvfQBegUIARDaAQ,åˆ°åº•ç‚ºä»€éº¼ä¸èƒ½ç”¨ç·šä¸Šè¨‚ä½ç³»çµ±å‘¢ï¼Ÿä¸€å®šè¦ç”¨é›»è©±ï¼Œä½†æ˜¯é›»è©±éƒ½ä¸æ¥å•Š ç›´æ¥å»åº—é¢é ç´„ï¼Œæœå‹™äººå“¡èªªå› ç‚ºå¤ªå¿™æ‰€ä»¥ä¸æ¥ï¼Ÿé‚£å°±ç”¨ç·šä¸Šé ç´„ç³»çµ±å•Šï¼Ÿï¼Ÿï¼Ÿ åŒ…å ´ä¸å°å¤–é–‹æ”¾ä¹Ÿè¦èµ°åˆ°åº—é–€å£æ‰çœ‹è¦‹é–€ä¸Šçš„ç´™æ¢ï¼Œè«‹å•å¯ä¸å¯ä»¥ç”¨ç·šä¸Šç³»çµ±å‘¢ï¼Ÿæˆ–æ˜¯ç²‰çµ²å°ˆé å…¬å‘Šï¼Ÿä½ å€‘çŸ¥é“Google mapsä¸Šä¹Ÿå¯ä»¥æ›´æ–°ç•¶æ—¥ç‡Ÿæ¥­ç‹€æ³å—ï¼Ÿ æŒçºŒä½¿ç”¨å‚³çµ±åšæ³•æ˜¯æƒ³å¢åŠ è€åº—ã€exclusiveçš„å“ç‰Œæ°›åœå—ï¼Ÿï¼Ÿï¼Ÿ,Solo Pasta,ChIJwQPcmc-rQjQRtXDQA__PPwg,4.6
H YY,3.0,"One of the famous shops in Nangang Is it delicious? Different opinions can't be bad But I think it's fine The dumplings are really big, this one really focuses on CP value The speed of calling numbers is also quite smooth",a day ago,https://www.google.com/maps/contrib/115834308374840363751/reviews?hl=en-US&sa=X&ved=2ahUKEwjrjsrpp7v5AhWaKkQIHTvpDhQQvfQBegQIARBu,å—æ¸¯ååº—ä¹‹ä¸€ å¥½åƒå˜›ï¼Ÿè¦‹ä»è¦‹æ™º èªªä¸ä¸Šä¸å¥½ ä½†å€‹äººè¦ºå¾—é‚„å¥½ æ°´é¤ƒæ˜¯çœŸçš„å¾ˆå¤§é¡†ï¼Œé€™å®¶ç¢ºå¯¦ä¸»æ‰“CPå€¼ ç”¨å«è™Ÿçš„ é€Ÿåº¦ä¹Ÿç›¸ç•¶é †æš¢,å—æ¸¯åŒ—å¤§è’æ°´é¤ƒåº—,ChIJv4dK1lirQjQRTurkPAZOiqA,3.8
è–›å€«,5.0,"I wish the miso soup all over the world could be this delicious After eating curry rice for a while, I found that it became more and more delicious ğŸ¤” Must be spicy",2 weeks ago,https://www.google.com/maps/contrib/102398649312475878480/reviews?hl=en-US&sa=X&ved=2ahUKEwi21Jnsp7v5AhV9LUQIHQCUBnsQvfQBegUIARDCAQ,çœŸå¸Œæœ›å…¨ä¸–ç•Œçš„å‘³å¢æ¹¯éƒ½å¯ä»¥é€™éº¼å¥½å– å’–å–±é£¯åƒäº†ä¸€æ®µæ™‚é–“ç™¼ç¾è¶Šä¾†è¶Šå¥½åƒğŸ¤” å‹™å¿…å°è¾£,å‹åˆ©æ´‹é£Ÿ,ChIJFUD2uM2rQjQRnjn-N2UsCbA,4.8
George Chen (FISH),5.0,Very push! ! ! The boss is a handsome bear! But the point is that the food is delicious!,2 weeks ago,https://www.google.com/maps/contrib/105952303475306517663/reviews?hl=en-US&sa=X&ved=2ahUKEwjSi-Tsp7v5AhX-LEQIHTaDBIoQvfQBegQIARB3,æ¥µæ¨ï¼ï¼ï¼è€é—†æ˜¯å¸¥ç†Šï¼ä½†é‡é»é‚„æ˜¯é£Ÿç‰©éå¸¸å¥½åƒï¼,å‹åˆ©æ´‹é£Ÿ,ChIJFUD2uM2rQjQRnjn-N2UsCbA,4.8
é™³ç›ˆç´,5.0,Very delicious meal â˜ºï¸ Hope to have a small salad set in the future A little too much for one person ğŸ˜…,2 days ago,https://www.google.com/maps/contrib/104808778716489959696/reviews?hl=en-US&sa=X&ved=2ahUKEwjhtfbpp7v5AhUcLEQIHRuaBHsQvfQBegQIARBR,éå¸¸ç¾å‘³æš–èƒƒçš„é¤é»â˜ºï¸ å¸Œæœ›ä¹‹å¾Œå¯ä»¥å‡ºå°æ²™æ‹‰å¥—é¤ ä¸€å€‹äººåƒä»½é‡æœ‰é»å¤ªå¤šğŸ˜…,å°æ¹¯çƒ æ¹¯å°ˆé–€åº—,ChIJw__PrcerQjQRR68o5dQYYbg,4.4
èŠæ™´çº,5.0,Food is delicious! Dessert cheese must eat!,2 days ago,https://www.google.com/maps/contrib/113241771525096613013/reviews?hl=en-US&sa=X&ved=2ahUKEwjhtoLqp7v5AhVZDkQIHZccAwEQvfQBegQIARB8,é£Ÿç‰©ç¾å‘³ï¼ç”œé»å¥¶é…ªå¿…åƒï¼,Solo Pasta,ChIJwQPcmc-rQjQRtXDQA__PPwg,4.6
chih Lindor,5.0,I'm full now,3 days ago,https://www.google.com/maps/contrib/108736083644096176379/reviews?hl=en-US&sa=X&ved=2ahUKEwjWsKzqp7v5AhUoLkQIHdSqCgcQvfQBegUIARCmAQ,é¦¬ä¸Šå¥½åƒé£½äº†,å‹åˆ©æ´‹é£Ÿ,ChIJFUD2uM2rQjQRnjn-N2UsCbA,4.8
Tj Chang,1.0,"My son specially picked this 4.6-star Italian restaurant to invite me to dinner. After ordering, we waited for half an hour. Seeing that the late comer had only shrimp shells on the table, we could only drink water to stop our hunger. I don't know what's good about ğŸ¤·â€â™€ï¸? I'm sorry to give one star, it should be negative 5 stars!",a week ago,https://www.google.com/maps/contrib/108286912926570727261/reviews?hl=en-US&sa=X&ved=2ahUKEwiNkbvrp7v5AhW9D0QIHVSiCk8QvfQBegUIARCOAQ,å…’å­ç‰¹åœ°æŒ‘é€™å®¶ 4.6 é¡†æ˜Ÿçš„ç¾©å¤§åˆ©é¤å»³è«‹æˆ‘åƒé£¯ï¼Œé»å®Œä¹‹å¾Œç©ºç­‰äº†åŠå°æ™‚ï¼Œçœ¼çœ‹æ—é‚Šæ™šä¾†çš„åƒåˆ°æ¡Œä¸Šåªå‰©è¦å­æ®¼ï¼Œæˆ‘å€‘åªèƒ½å–æ°´æ­¢é¤“ã€‚ä¸æ›‰å¾—ğŸ¤·â€â™€ï¸å¥½åœ¨å“ªè£¡ï¼Ÿçµ¦ä¸€é¡†æ˜Ÿéƒ½å°ä¸èµ·è‡ªå·±ï¼Œæ‡‰è©²æ˜¯ è² 5é¡†æ˜Ÿï¼,Solo Pasta,ChIJwQPcmc-rQjQRtXDQA__PPwg,4.6
Yawen,4.0,"The duck breast spaghetti is delicious, but the reservation phone has to be called many times before being answered",a day ago,https://www.google.com/maps/contrib/117982913634272442730/reviews?hl=en-US&sa=X&ved=2ahUKEwjhtoLqp7v5AhVZDkQIHZccAwEQvfQBegQIARBR,é´¨èƒ¸ç¾©å¤§åˆ©éºµå¥½åƒï¼Œè¨‚ä½é›»è©±è¦æ‰“è¶…å¤šæ¬¡æ‰æ¥,Solo Pasta,ChIJwQPcmc-rQjQRtXDQA__PPwg,4.6
æ›¾åšå¨,5.0,like the name of the store This is a restaurant that will make you eat well A place to enjoy a bowl of carefully boiled soup The soup portion of the set meal is sufficient I've eaten a little bit of a boy Don't worry about not getting enough food :D,3 months ago,https://www.google.com/maps/contrib/102159703385494149190/reviews?hl=en-US&sa=X&ved=2ahUKEwi_v97rp7v5AhXTLEQIHZ5uDwEQvfQBegUIARC2AQ,å°±å¦‚åŒåº—åé‚£æ¨£ é€™æ˜¯ä¸€å®¶èƒ½è®“ä½ å¥½å¥½åƒé£¯ å¥½å¥½å–ä¸€ç¢—èªçœŸç†¬ç…®çš„æ¹¯çš„åœ°æ–¹ å¥—é¤çš„æ¹¯ä»½é‡å¾ˆå¤  æˆ‘ä¸€å€‹ç”·ç”Ÿéƒ½åƒåˆ°æœ‰é»ç¨± ä¸ç”¨æ“”å¿ƒåƒä¸é£½çš„å•é¡Œå–”:D,å°æ¹¯çƒ æ¹¯å°ˆé–€åº—,ChIJw__PrcerQjQRR68o5dQYYbg,4.4
Amy Huang,4.0,Some dishes are not very appetizing The clerk said it was authentic Italian taste Overall feel a bit overrated But you can still eat it and see that everyone's taste is different,a week ago,https://www.google.com/maps/contrib/114239150155491090459/reviews?hl=en-US&sa=X&ved=2ahUKEwiNkbvrp7v5AhW9D0QIHVSiCk8QvfQBegQIARBE,æœ‰çš„æ–™ç†ä¸æ˜¯éå¸¸åˆèƒƒå£ åº—å“¡èªªæ˜¯é“åœ°ç¾©å¤§åˆ©å£å‘³ æ•´é«”è¦ºå¾—æœ‰é»éè­½ ä¸éé‚„æ˜¯å¯ä»¥ä¾†åƒçœ‹çœ‹ æ¯å€‹äººå£å‘³ä¸ä¸€æ¨£,Solo Pasta,ChIJwQPcmc-rQjQRtXDQA__PPwg,4.6
è”£å¼·æ°‘,5.0,"Delicious, more",2 days ago,https://www.google.com/maps/contrib/107186303216235868232/reviews?hl=en-US&sa=X&ved=2ahUKEwjrjsrpp7v5AhWaKkQIHTvpDhQQvfQBegUIARDZAQ,å¥½åƒï¼Œæ–™å¤š,å—æ¸¯åŒ—å¤§è’æ°´é¤ƒåº—,ChIJv4dK1lirQjQRTurkPAZOiqA,3.8
å¾©æ´»æˆ°ç”²,5.0,"Not to brag, this is the best curry I've ever had. If only I could have discovered this earlier.",a week ago,https://www.google.com/maps/contrib/100585880565130736116/reviews?hl=en-US&sa=X&ved=2ahUKEwjQ3pLrp7v5AhX4BEQIHXI8BlAQvfQBegQIARBH,ä¸å¹å™“ é€™å’–å“©æ˜¯æˆ‘åƒéæœ€æœ‰æ–™çš„ å¦‚æœèƒ½æ—©ä¸€é»ç™¼ç¾é€™å®¶å°±å¥½äº†,å‹åˆ©æ´‹é£Ÿ,ChIJFUD2uM2rQjQRnjn-N2UsCbA,4.8
ã‹ã—ã‚ãã‚†ãã‚Šã‚“,5.0,"It's delicious, I'll go next time",a month ago,https://www.google.com/maps/contrib/110606821613839196718/reviews?hl=en-US&sa=X&ved=2ahUKEwj_zYjrp7v5AhVeKEQIHRsCDxQQvfQBegQIARBG,å¥½å–ä¸‹æ¬¡é‚„å»,å°æ¹¯çƒ æ¹¯å°ˆé–€åº—,ChIJw__PrcerQjQRR68o5dQYYbg,4.4
Wei-Tsen Lai,3.0,"The overall evaluation is medium, and the service is very good. If you want to eat pasta in the East District, you will think of it, but you will not go there specially. After eating this time, I feel that the pasta is better than the appetizer. Appetizer: The octopus was roasted very softly, and the refried beans below had a good taste, and there was no memory in it. Tripe: The stew is soft and rotten, and the sauce is delicious, but unfortunately the bread can't hold back the sauce, as if eating two separate things. pasta Cuttlefish Noodles: The first bite is amazing, it has umami, but the more you eat it, the more greasy Duck Breast Noodles: Today is the best. The sauce is very flavorful with vinegar added. The duck meat is also very tender. Sprinkling with chili powder is great.",2 days ago,https://www.google.com/maps/contrib/101382635393296432749/reviews?hl=en-US&sa=X&ved=2ahUKEwjhtoLqp7v5AhVZDkQIHZccAwEQvfQBegUIARDAAQ,æ•´é«”è©•åƒ¹ä¸­ç­‰ï¼Œæœå‹™å¾ˆå¥½ï¼Œå¦‚æœåœ¨æ±å€æƒ³åƒç¾©å¤§åˆ©éºµçš„è©±æœƒæƒ³åˆ°ï¼Œä½†ä¸æœƒç‰¹åœ°å‰å¾€ï¼Œé€™æ¬¡åƒä¸‹ä¾†æ„Ÿè¦ºç¾©å¤§åˆ©éºµå„ªæ–¼å‰èœã€‚ å‰èœï¼š ç« é­šçƒ¤çš„å¾ˆè»Ÿï¼Œä¸‹é¢çš„è±†æ³¥å£æ„Ÿå‘³é“ä¸éŒ¯ï¼Œåƒèµ·ä¾†æ²’ä»€éº¼è¨˜æ†¶é»ã€‚ ç‰›è‚šï¼šç‡‰çš„è»Ÿçˆ›ï¼Œé†¬ä¹Ÿå¥½åƒï¼Œå¯æƒœéºµåŒ…å·´ä¸ä½é†¬åƒåœ¨åƒå…©å€‹ç¨ç«‹çš„æ±è¥¿ã€‚ ç¾©å¤§åˆ©éºµ å¢¨é­šéºµï¼šç¬¬ä¸€å£ä¸‹å»æœ‰é©šè‰·ï¼Œæœ‰é®®å‘³ä¸éè¶Šåƒå°±æœ‰é»è†©å£ é´¨èƒ¸éºµï¼šä»Šæ—¥æœ€å¥½åƒï¼Œé†¬æ–™æœ‰åŠ é†‹éå¸¸æå‘³ï¼Œé´¨è‚‰ä¹Ÿå¾ˆå«©ï¼Œç‘ä¸Šè¾£æ¤’ç²‰å¾ˆæ£’,Solo Pasta,ChIJwQPcmc-rQjQRtXDQA__PPwg,4.6
Show Chen,5.0,"The curry shop I happened to pass by, the owner is very polite and the dining experience is very good",a week ago,https://www.google.com/maps/contrib/101412629830526606056/reviews?hl=en-US&sa=X&ved=2ahUKEwjQ3pLrp7v5AhX4BEQIHXI8BlAQvfQBegQIARAw,ç¢°å·§è·¯éçš„å’–å“©åº—ï¼Œè€é—†å¾ˆå®¢æ°£ï¼Œç”¨é¤é«”é©—å¾ˆå¥½,å‹åˆ©æ´‹é£Ÿ,ChIJFUD2uM2rQjQRnjn-N2UsCbA,4.8
Joyceå°å¦¹ã®ç˜‹ç‹‚ä¸–ç•Œ,5.0,"Eat something special, eat healthy, eat just right~ There is something special, the guests sitting at home â¤ï¸",3 months ago,https://www.google.com/maps/contrib/109456142984193188473/reviews?hl=en-US&sa=X&ved=2ahUKEwi_v97rp7v5AhXTLEQIHZ5uDwEQvfQBegQIARBH,åƒé»ç‰¹åˆ¥çš„ï¼Œåƒå¾—å¥åº·ï¼Œåƒå¾—å‰›å‰›å¥½ï½ æœ‰ç¨®ç‰¹åˆ¥ï¼Œå°±ååœ¨å®¶è£¡é¢çš„å®¢äººâ¤ï¸,å°æ¹¯çƒ æ¹¯å°ˆé–€åº—,ChIJw__PrcerQjQRR68o5dQYYbg,4.4
Vincent Chang,5.0,good food and at this price quite cheap Services are also in place Although the water is added The quality of the tables and chairs is also relatively cheap But overall it's ok,5 days ago,https://www.google.com/maps/contrib/108805372772639146273/reviews?hl=en-US&sa=X&ved=2ahUKEwi8nODqp7v5AhV9KkQIHcMfAW8QvfQBegQIARB7,é£Ÿæç”¨æ–™å¥½ ä¸”ä»¥é€™åœ°æ®µçš„åƒ¹æ ¼ ç®—æ˜¯ç›¸ç•¶ä¾¿å®œ æœå‹™ä¹Ÿæœ‰åˆ°ä½ é›–ç„¶æ°´æ˜¯è‡ªå·±åŠ  æ¡Œæ¤…çš„å“è³ªç”¨çš„ä¹Ÿæ˜¯æ¯”è¼ƒåå»‰åƒ¹æ„Ÿ ä¸éæ•´é«”ä¾†èªªé‚„æ˜¯å¯ä»¥çš„,Solo Pasta,ChIJwQPcmc-rQjQRtXDQA__PPwg,4.6
SHERRY CHEN,5.0,The meals are so deliciousğŸ¤¤ğŸ¤¤ğŸ¤¤,14 hours ago,https://www.google.com/maps/contrib/113194586546119100060/reviews?hl=en-US&sa=X&ved=2ahUKEwjWsKzqp7v5AhUoLkQIHdSqCgcQvfQBegQIARBX,é¤é»éƒ½å¥½å¥½åƒğŸ¤¤ğŸ¤¤ğŸ¤¤,å‹åˆ©æ´‹é£Ÿ,ChIJFUD2uM2rQjQRnjn-N2UsCbA,4.8
é»ƒå®¶å®¶,5.0,"The seafood soup has unexpectedly many ingredients, and it is very sweet with fresh spices! The sweet and sour taste of the tomato with super soft and tender beef cheeks is amazing!",2 weeks ago,https://www.google.com/maps/contrib/117100089568987584618/reviews?hl=en-US&sa=X&ved=2ahUKEwj52ofsp7v5AhX-KkQIHVh3AcMQvfQBegQIARBp,æµ·é®®æ¹¯æ„å¤–çš„æ–™è¶…å¤šï¼Œæ­ä¸Šæ–°é®®é¦™æ–™å¾ˆé®®ç”œï¼ ç‰›è‡‰é °è¶…è»Ÿå«©çš„ç•ªèŒ„é…¸é…¸ç”œç”œçš„æ»‹å‘³å¾ˆä»¤äººé©šè‰·ï¼,Solo Pasta,ChIJwQPcmc-rQjQRtXDQA__PPwg,4.6
å¦™éŸ³,4.0,"The sicilian rolls are delicious, affordable and worth a visit. 220801",a week ago,https://www.google.com/maps/contrib/113583490765360161744/reviews?hl=en-US&sa=X&ved=2ahUKEwiNkbvrp7v5AhW9D0QIHVSiCk8QvfQBegQIARAe,è¥¿è¥¿é‡Œå·å¥½åƒï¼Œåƒ¹æ ¼å¯¦æƒ ï¼Œå€¼å¾—ä¸€è¨ªã€‚220801,Solo Pasta,ChIJwQPcmc-rQjQRtXDQA__PPwg,4.6
Kurt LIN,5.0,"One of my favorite stores, I don't really want to comment, I'm afraid I won't be able to drink it in the future! !",a week ago,https://www.google.com/maps/contrib/107742641381403093865/reviews?hl=en-US&sa=X&ved=2ahUKEwjhtfbpp7v5AhUcLEQIHRuaBHsQvfQBegUIARDEAQ,æ„›åº—ä¹‹ä¸€ï¼Œå…¶å¯¦ä¸æ˜¯å¾ˆæƒ³è©•è«–ï¼Œæ€•ä»¥å¾Œéƒ½å–ä¸åˆ°ï¼ï¼,å°æ¹¯çƒ æ¹¯å°ˆé–€åº—,ChIJw__PrcerQjQRR68o5dQYYbg,4.4
Seiji lin,4.0,"If you don't pick up customers at 20:30, the business hours will be written as 20:30 instead of 21:00ğŸ¤¨ğŸ§¢",14 hours ago,https://www.google.com/maps/contrib/111325699902830438977/reviews?hl=en-US&sa=X&ved=2ahUKEwjWsKzqp7v5AhUoLkQIHdSqCgcQvfQBegQIARBA,20:30å°±ä¸æ¥å®¢çš„è©±ï¼Œç‡Ÿæ¥­æ™‚é–“å°±å¯«20:30ä¸æ˜¯21:00ğŸ¤¨ğŸ§¢,å‹åˆ©æ´‹é£Ÿ,ChIJFUD2uM2rQjQRnjn-N2UsCbA,4.8
Kama H.,4.0,"The dumplings are real, bigger than usual Luwei is acceptable Good business, can visit again",a week ago,https://www.google.com/maps/contrib/103886849761935407362/reviews?hl=en-US&sa=X&ved=2ahUKEwjrzuXqp7v5AhV_KEQIHVEWCJ0QvfQBegQIARBx,æ°´é¤ƒçœŸæå¯¦æ–™ï¼Œæ¯”ä¸€èˆ¬éƒ½å¤§ æ»·å‘³å°šå¯ ç”Ÿæ„å¾ˆå¥½ï¼Œå¯å†è¨ª,å—æ¸¯åŒ—å¤§è’æ°´é¤ƒåº—,ChIJv4dK1lirQjQRTurkPAZOiqA,3.8
æ–‡æ€æƒ³,4.0,"Black Truffle Potato Cheese Pancake is really a must order ğŸ¤© In addition to being crunchy, it also retains a moist feel inside! ! The Venetian Cuttlefish Fettuccine was a bit more Taiwanese and we were a little disappointed. Creamy pasta with smoked duck breast in Barcelona vinegar, the duck breast is very tender and well seasoned!",3 days ago,https://www.google.com/maps/contrib/108156098370812356828/reviews?hl=en-US&sa=X&ved=2ahUKEwjhtoLqp7v5AhVZDkQIHZccAwEQvfQBegUIARD4AQ,é»‘æ¾éœ²é¦¬éˆ´è–¯èµ·å¸ç…é¤…çœŸçš„å¿…é»ğŸ¤© é¦™é…¥è„†ä¹‹å¤–ï¼Œè£¡é¢é‚„ä¿æœ‰æ¿•æ½¤æ„Ÿï¼ï¼ å¨å°¼æ–¯å¢¨é­šç´°éºµåå°å¼ï¼Œæˆ‘å€‘ç¨å¾®æœ‰é»å¤±æœ›ã€‚ å·´è–©é†‹ç‡»é´¨èƒ¸å¥¶æ²¹ç¾©å¤§åˆ©éºµï¼Œé´¨èƒ¸å¾ˆå«©ï¼Œèª¿å‘³ä¸éŒ¯ï¼,Solo Pasta,ChIJwQPcmc-rQjQRtXDQA__PPwg,4.6
å“­å“­è²“é®‘è€å¤§,5.0,Great sandwiches and cheap,6 days ago,https://www.google.com/maps/contrib/106077057309252509449/reviews?hl=en-US&sa=X&ved=2ahUKEwjQ3pLrp7v5AhX4BEQIHXI8BlAQvfQBegQIARAC,ä¸‰æ˜æ²»è¶…è®š é‚„å¾ˆä¾¿å®œ,å‹åˆ©æ´‹é£Ÿ,ChIJFUD2uM2rQjQRnjn-N2UsCbA,4.8
Sherry Chou,5.0,"Once in Hualien, it was super delicious! I am very happy that I can also eat it in Taipei. I accidentally used a lot of local ingredients to make a lot of different kinds of curry, not the usual Japanese style, but a bit of a Nanyang style. The portion is quite enough, and the label is spicy, it is really spicy, I am very happy to eat spicy food ğŸ‘Œ If you are too lazy to go out on the Internet, you can buy their cooking bag and cook some rice by yourself, it is super convenient!",4 months ago,https://www.google.com/maps/contrib/112377718813009551028/reviews?hl=en-US&sa=X&ved=2ahUKEwi_v97rp7v5AhXTLEQIHZ5uDwEQvfQBegUIARDpAQ,æ›¾ç¶“åœ¨èŠ±è“®åƒéè¶…ç´šå¥½åƒï¼å¾ˆé–‹å¿ƒåœ¨å°åŒ—ä¹Ÿåƒå¾—åˆ°ï¼Œæ„å¤–çš„ç”¨å¾ˆå¤šåœ¨åœ°é£Ÿæåšå‡ºå¾ˆå¤šä¸åŒç¨®å’–å“©ï¼Œä¸æ˜¯ä¸€èˆ¬æ—¥å¼é‚£ç¨®ï¼Œä½¿æœ‰é»å—æ´‹é¢¨çš„ã€‚ä»½é‡å¾ˆå¤ ï¼Œè€Œä¸”æ¨™ç¤ºæœƒè¾£æ˜¯çœŸçš„æœƒè¾£å–” è®“æ„›åƒè¾£çš„æˆ‘å¾ˆé–‹å¿ƒğŸ‘Œ ç¶²è·¯ä¸Šæ‡¶å¾—å‡ºé–€çš„è©±å¯ä»¥è³¼è²·ä»–å®¶çš„æ–™ç†åŒ… è‡ªå·±ç…®äº›ç™½é£¯å°±å¥½ï¼Œè¶…ç´šæ–¹ä¾¿çš„ï¼,å°æ¹¯çƒ æ¹¯å°ˆé–€åº—,ChIJw__PrcerQjQRR68o5dQYYbg,4.4
Ching H.,2.0,"The dumplings are a little bigger and have a strong pork flavor. Sour sauce noodles are nothing special, and the sauce is oily and salty; the lo mei is also boring. The price is not cheap. Table 4 on the 1st floor will be dripped with air-conditioning water. Personally, I think it is only suitable for eating once.",a week ago,https://www.google.com/maps/contrib/104299962951289428477/reviews?hl=en-US&sa=X&ved=2ahUKEwil_ozqp7v5AhUXKkQIHcI6AD0QvfQBegUIARDVAQ,æ°´é¤ƒç¨å¤§é¡†ï¼Œè±¬è‚‰å‘³é‡ã€‚é…¢é†¬éºµæ²’ä»€éº¼ç‰¹è‰²ï¼Œè€Œä¸”é†¬åæ²¹è·Ÿé¹¹ï¼›æ»·å‘³ä¹Ÿæ˜¯ç„¡èŠã€‚åƒ¹éŒ¢ä¸ä¾¿å®œï¼Œ1 æ¨“ 4 è™Ÿæ¡Œé‚„æœƒè¢«å†·æ°£æ°´æ»´åˆ°ï¼Œå€‹äººèªç‚ºåªé©åˆä¾†åƒä¸€æ¬¡ã€‚,å—æ¸¯åŒ—å¤§è’æ°´é¤ƒåº—,ChIJv4dK1lirQjQRTurkPAZOiqA,3.8
æ—å…ˆç”Ÿ,2.0,"Living in Tokyo for five years, the overall score is two points.",2 weeks ago,https://www.google.com/maps/contrib/115275719099726930668/reviews?hl=en-US&sa=X&ved=2ahUKEwjSi-Tsp7v5AhX-LEQIHTaDBIoQvfQBegQIARAw,ä½æ±äº¬äº”å¹´ï¼Œé€™å®¶æ•´é«”å…©åˆ†ã€‚,å‹åˆ©æ´‹é£Ÿ,ChIJFUD2uM2rQjQRnjn-N2UsCbA,4.8
Yin-Ling Huang,5.0,Very goodâ˜ºï¸ The soup is as good as the bread is delicious Clear soup and thick soup are great,3 weeks ago,https://www.google.com/maps/contrib/104018388879660546118/reviews?hl=en-US&sa=X&ved=2ahUKEwjokbXqp7v5AhUNLEQIHXUVC_MQvfQBegUIARCpAQ,å¾ˆè®šâ˜ºï¸ æ¹¯ä¸€æ¨£å¥½å–éºµåŒ…å¥½åƒ æ¸…æ¹¯æ¿ƒæ¹¯éƒ½å¾ˆè®š,å°æ¹¯çƒ æ¹¯å°ˆé–€åº—,ChIJw__PrcerQjQRR68o5dQYYbg,4.4
ä¼ç–ç–,5.0,"There are a lot of seats in the store, the lights will be dim, many people drink here, and the waiter explains the menu attentively. There is free boiled water, no pasta can be ordered, and the sauces are delicious. White Truffle Cream Stewed Egg 250RMBâ¡ï¸The sauce part is slightly salty and the price is high. Do not push. Bassa Vinegar Smoked Duck Breast Cream Spaghetti 280RMBâ¡ï¸Slightly sour and cheesey, delicious. Fireworks Noodles 320RMBâ¡ï¸The taste is indescribable, but delicious. Tiramisu 140 yuanâ¡ï¸The wine is fragrant, the humidity is just right, and the sweetness is just right.",a week ago,https://www.google.com/maps/contrib/104628999236830952049/reviews?hl=en-US&sa=X&ved=2ahUKEwj52ofsp7v5AhX-KkQIHVh3AcMQvfQBegQIARA8,åº—å…§åº§ä½æ•¸å¾ˆå¤šï¼Œç‡ˆå…‰å°‡æ˜æš—ï¼Œå¾ˆå¤šäººåœ¨é€™è£¡å–é…’ï¼Œæœå‹™å“¡ç”¨å¿ƒè§£èªªèœå–®ã€‚æœ‰æä¾›å…è²»çš„ç™½é–‹æ°´ï¼Œç¾©å¤§åˆ©éºµéƒ½ä¸é›·å¯ä»¥é»ï¼Œé†¬æ±éƒ½æœ‰å…¥å‘³ã€‚ ç™½æ¾éœ²å¥¶æ²¹ç‡‰è›‹250å…ƒâ¡ï¸é†¬æ–™éƒ¨åˆ†ç¨å¾®åé¹¹ï¼Œåƒ¹ä½åé«˜ã€‚ä¸æ¨ã€‚ å·´è–©é†‹ç‡»é´¨èƒ¸å¥¶æ²¹ç¾©å¤§åˆ©éºµ280å…ƒâ¡ï¸å¾®é…¸å£æ„Ÿèµ·å¸é¦™ï¼Œå¾ˆå¥½åƒã€‚ ç…™èŠ±å¥³éºµ320å…ƒâ¡ï¸èªªä¸å‡ºä¾†çš„å‘³é“ï¼Œä½†æ˜¯å¥½åƒçš„ã€‚ ææ‹‰ç±³è˜‡140å…ƒâ¡ï¸é…’é¦™æ¿ƒï¼Œæ¿•åº¦å‰›å¥½ï¼Œç”œåº¦å‰›å¥½ã€‚,Solo Pasta,ChIJwQPcmc-rQjQRtXDQA__PPwg,4.6
é„­é¼åŸ,5.0,something special food delicious,a week ago,https://www.google.com/maps/contrib/113381291307717245908/reviews?hl=en-US&sa=X&ved=2ahUKEwjQ3pLrp7v5AhX4BEQIHXI8BlAQvfQBegUIARCOAQ,æ±è¥¿ç‰¹åˆ¥ é£Ÿç‰©å¥½åƒ,å‹åˆ©æ´‹é£Ÿ,ChIJFUD2uM2rQjQRnjn-N2UsCbA,4.8
æ›¾åŸ¹é›…,5.0,"The curry is delicious! The beef ribs are very tender, and the truffle sauce concentration is just right~ Delicious Avocado Chicken Sandwiches The soup that comes with it is delicious~",3 days ago,https://www.google.com/maps/contrib/115083278918318035753/reviews?hl=en-US&sa=X&ved=2ahUKEwjWsKzqp7v5AhUoLkQIHdSqCgcQvfQBegUIARDUAQ,å’–å–±å¥½åƒï¼ ç‰›è‚‹æ¢å¾ˆå«©ï¼Œæ¾éœ²é†¬æ¿ƒåº¦å¾ˆå‰›å¥½ï½ èˆ’è‚¥é…ªæ¢¨å«©é›ä¸‰æ˜æ²»å¥½åƒ é™„è´ˆçš„æ¹¯å¾ˆå¥½å–ï½,å‹åˆ©æ´‹é£Ÿ,ChIJFUD2uM2rQjQRnjn-N2UsCbA,4.8
yuchih tsou,5.0,"The salad has many combinations of ingredients, fresh and varied in taste, and you can feel the store's intentions; there are many choices of soups, all of which are delicious! If you don't want the sauce to be poured directly on top, you can inform the clerk in advance to provide it separately or sprinkle it on the side, because you feel that the sauce will be a little greasy after you eat it. The two girls both ordered the salad set a bit too full! It is recommended to order a salad set meal for one person and a two soup set meal for one person. It is actually just right to share the salad for two people. I will visit again if the whole is full!",4 months ago,https://www.google.com/maps/contrib/103189217872084317964/reviews?hl=en-US&sa=X&ved=2ahUKEwi_v97rp7v5AhXTLEQIHZ5uDwEQvfQBegUIARDRAQ,æ²™æ‹‰å¾ˆå¤šé£Ÿææ­é…çµ„åˆï¼Œæ–°é®®ä¸”å£æ„Ÿå¤šè®Šï¼Œæ„Ÿå—åº—å®¶çš„ç”¨å¿ƒï¼›æ¹¯å“é¸æ“‡å¾ˆå¤šï¼Œéƒ½å¥½å–ï¼ å¦‚æœä¸å¸Œæœ›é†¬ç›´æ¥æ·‹åœ¨ä¸Šé¢ï¼Œå¯ä»¥æå‰é€šçŸ¥åº—å“¡å–®ç¨æä¾›æˆ–æ’’æ—é‚Šï¼Œå› ç‚ºè¦ºå¾—åƒåˆ°æœ€å¾Œé†¬æ–™é™„è‘—æ»¿å¤šçš„ï¼Œæœƒæœ‰é»å°è†© å…©ä½å¥³ç”Ÿéƒ½é»æ²™æ‹‰å¥—é¤æœ‰é»å¤ªé£½ï¼ å»ºè­°å¯ä»¥ä¸€ä½é»æ²™æ‹‰å¥—é¤ã€ä¸€ä½é»å…©æ¹¯å¥—é¤ï¼Œåˆ†äº«æ²™æ‹‰å…©å€‹äººåƒå…¶å¯¦å¾ˆå‰›å¥½ï¼Œæ•´é«”æ»¿å„ªç§€çš„æœƒå†è¨ªï¼,å°æ¹¯çƒ æ¹¯å°ˆé–€åº—,ChIJw__PrcerQjQRR68o5dQYYbg,4.4
Debbie Wen,5.0,"The meals are unique, from appetizers to desserts, and the menu will be updated from time to time. It also has the best cheese in Taiwan!",a week ago,https://www.google.com/maps/contrib/100169699809122309827/reviews?hl=en-US&sa=X&ved=2ahUKEwi8nODqp7v5AhV9KkQIHcMfAW8QvfQBegUIARDcAQ,é¤é»æœ‰ç‰¹è‰²ï¼Œå¾å‰èœåˆ°ç”œé»éƒ½å¥½åƒï¼Œ æœƒä¸å®šæœŸæ›´æ–°èœè‰²ã€‚åŒæ™‚é‚„æœ‰å…¨å°æœ€å¥½åƒå¥¶é…ªå–”ï¼,Solo Pasta,ChIJwQPcmc-rQjQRtXDQA__PPwg,4.6
Sunny Chung,5.0,"This is a soup restaurant The soups sold every day are not fixed. It is recommended to go to FB to see today's soups and check if there is anything you want to drink. In addition, it is also recommended to go to FB to confirm before departure, because other items will be changed after the soup is sold out. Otherwise, it is easy to see that after watching it at noon, you will find that it is different from what you watched at noon when you go to the scene at night. My personal favorite is the Mushroom Bamboo Shoot Cartilage Soup and Tomato Minced Pork Sauce Soup The soup with minced tomato and pork sauce tastes like Mapo tofu. XD Creamy soup is also good, suitable for dipping bread But I don't really like beef and wild vegetable stew in sauce. I feel that the taste of the sauce is too strong, covering the taste of beef and other ingredients. Chicken Caesar Salad is delicious and the portions are huge The chicken seasoning is also good The dining environment is very comfortable and the staff is very happy XD It's a shop I will visit again",3 months ago,https://www.google.com/maps/contrib/105588276432935152992/reviews?hl=en-US&sa=X&ved=2ahUKEwi_v97rp7v5AhXTLEQIHZ5uDwEQvfQBegUIARCVAQ,é€™æ˜¯ä¸€é–“ä»¥æ¹¯å“ç‚ºä¸»çš„é¤å»³ æ¯å¤©è²©å”®çš„æ¹¯å“ä¸å›ºå®šï¼Œå»ºè­°å¯ä»¥å…ˆåˆ°FBçœ‹ä»Šæ—¥æ¹¯å“ï¼Œç¢ºèªæœ‰æ²’æœ‰è‡ªå·±æƒ³å–çš„ å¦å¤–ä¹Ÿå»ºè­°å‡ºç™¼ä¹‹å‰è¦å†å»FBç¢ºèªï¼Œå› ç‚ºæ¹¯å“å”®å®Œä¹‹å¾Œæœƒæ”¹å…¶ä»–å“é … ä¸ç„¶å¾ˆå®¹æ˜“ç™¼ç”Ÿä¸­åˆçœ‹å®Œä¹‹å¾Œï¼Œæ™šä¸Šåˆ°ç¾å ´ç™¼ç¾è·Ÿä¸­åˆçœ‹çš„ä¸ä¸€æ¨£ğŸ˜‚ å€‹äººæœ€å–œæ­¡å¥½è‡ç«¹ç­è»Ÿéª¨æ¹¯è·Ÿç•ªèŒ„ç¢è±¬è‚‰é†¬æ¹¯ ç•ªèŒ„ç¢è±¬è‚‰é†¬æ¹¯å–èµ·ä¾†æœ‰ç¨®éº»å©†è±†è…çš„é¦™å‘³XD å¾ˆä¸‹é£¯ å¥¶æ²¹çš„æ¹¯ä¹Ÿä¸éŒ¯ï¼Œé©åˆæ²¾éºµåŒ… ä½†å€‹äººä¸å¤ªå–œæ­¡é†¬æ±ç‰›è‚‰é‡èœç‡‰æ¹¯ï¼Œè¦ºå¾—é†¬æ±çš„å‘³é“å¤ªæ¿ƒåšäº†ï¼Œè“‹æ‰ç‰›è‚‰è·Ÿå…¶ä»–é£Ÿæçš„å‘³é“ å‡±æ’’æ²™æ‹‰é›è‚‰å¾ˆå¥½åƒï¼Œä»½é‡å¾ˆå¤§ é›è‚‰çš„èª¿å‘³ä¹Ÿå¾ˆä¸éŒ¯ ç”¨é¤ç’°å¢ƒå¾ˆèˆ’æœï¼Œåº—å“¡å¾ˆæ­¡æ¨‚XD æ˜¯æœƒå†å›è¨ªçš„åº—,å°æ¹¯çƒ æ¹¯å°ˆé–€åº—,ChIJw__PrcerQjQRR68o5dQYYbg,4.4
Bryan Shen,5.0,"Every time you come here, you must order the fried steak sandwich. The owner is also very polite and will make people willing to come and eat!",2 weeks ago,https://www.google.com/maps/contrib/102738874166625428157/reviews?hl=en-US&sa=X&ved=2ahUKEwi21Jnsp7v5AhV9LUQIHQCUBnsQvfQBegQIARB3,æ¯æ¬¡ä¾†å¿…é»ç‚¸ç‰›æ’ä¸‰æ˜æ²»ï¼Œè€é—†äººä¹Ÿå¾ˆå®¢æ°£ï¼Œæœƒè®“äººé¡˜æ„ç‰¹åœ°éä¾†åƒï¼,å‹åˆ©æ´‹é£Ÿ,ChIJFUD2uM2rQjQRnjn-N2UsCbA,4.8
Kaede Q,4.0,"The serving size is large, and the meal performance is quite satisfactory. Push egg yolk soup, deliciousğŸ‘ğŸ»",6 days ago,https://www.google.com/maps/contrib/106146499296846141549/reviews?hl=en-US&sa=X&ved=2ahUKEwil_ozqp7v5AhUXKkQIHcI6AD0QvfQBegQIARBp,ä»½é‡å¤§ç¢—ï¼Œé¤é»è¡¨ç¾ä¸­è¦ä¸­çŸ©ã€‚æ¨è›‹é»ƒæ¹¯ï¼Œå¥½å–ğŸ‘ğŸ»,å—æ¸¯åŒ—å¤§è’æ°´é¤ƒåº—,ChIJv4dK1lirQjQRTurkPAZOiqA,3.8
Wen Wen,5.0,The atmosphere is laid back and warm with vegetarian options. Delicious and not burdensome.,a week ago,https://www.google.com/maps/contrib/116782664191198999323/reviews?hl=en-US&sa=X&ved=2ahUKEwjokbXqp7v5AhUNLEQIHXUVC_MQvfQBegQIARAC,æ°£æ°›æ‚ é–’æº«æš– æœ‰ç´ é£Ÿã€‚å¥½å–æ²’è² æ“”ã€‚,å°æ¹¯çƒ æ¹¯å°ˆé–€åº—,ChIJw__PrcerQjQRR68o5dQYYbg,4.4
Zach Chen,5.0,good,a month ago,https://www.google.com/maps/contrib/114569920077784869680/reviews?hl=en-US&sa=X&ved=2ahUKEwj_zYjrp7v5AhVeKEQIHRsCDxQQvfQBegQIARAY,ä¸éŒ¯,å°æ¹¯çƒ æ¹¯å°ˆé–€åº—,ChIJw__PrcerQjQRR68o5dQYYbg,4.4
é™³æ¯…,5.0,"Wagyu cheese beef balls taste very good, Q bomb is not too hard, the taste of curry rice is very rich",2 weeks ago,https://www.google.com/maps/contrib/104174683418723707974/reviews?hl=en-US&sa=X&ved=2ahUKEwi21Jnsp7v5AhV9LUQIHQCUBnsQvfQBegQIARA2,å’Œç‰›èµ·å¸ç‰›è‚‰ä¸¸çš„å£æ„Ÿéå¸¸å¥½Qå½ˆåˆä¸æœƒå¤ªç¡¬ï¼Œå’–å“©é£¯çš„å‘³é“éå¸¸æ¿ƒéƒ,å‹åˆ©æ´‹é£Ÿ,ChIJFUD2uM2rQjQRnjn-N2UsCbA,4.8
é­šæƒ³ç¿”,5.0,Dumplings are big and delicious,22 hours ago,https://www.google.com/maps/contrib/116404387178651700914/reviews?hl=en-US&sa=X&ved=2ahUKEwjrjsrpp7v5AhWaKkQIHTvpDhQQvfQBegQIARBA,æ°´é¤ƒå¤§é¡†åˆå¥½å¥½åƒ,å—æ¸¯åŒ—å¤§è’æ°´é¤ƒåº—,ChIJv4dK1lirQjQRTurkPAZOiqA,3.8
æ±Ÿæ–‡ç‘„,5.0,Delicious and cheap,6 days ago,https://www.google.com/maps/contrib/100478395006594795995/reviews?hl=en-US&sa=X&ved=2ahUKEwjWsKzqp7v5AhUoLkQIHdSqCgcQvfQBegUIARCZAg,å¥½åƒåˆä¾¿å®œè®šè®š,å‹åˆ©æ´‹é£Ÿ,ChIJFUD2uM2rQjQRnjn-N2UsCbA,4.8
101 é™³æ°æ˜ Benjamin Chan,5.0,push up,2 weeks ago,https://www.google.com/maps/contrib/111657100449883850161/reviews?hl=en-US&sa=X&ved=2ahUKEwjSi-Tsp7v5AhX-LEQIHTaDBIoQvfQBegQIARAC,æ¨çˆ†,å‹åˆ©æ´‹é£Ÿ,ChIJFUD2uM2rQjQRnjn-N2UsCbA,4.8
Jim Powers,4.0,"Bad service attitude, reasonable price",2 weeks ago,https://www.google.com/maps/contrib/103430091286383963927/reviews?hl=en-US&sa=X&ved=2ahUKEwiO_a_rp7v5AhULEEQIHdsLA1gQvfQBegUIARDbAQ,æœå‹™æ…‹åº¦ä¸ä½³ï¼Œåƒ¹æ ¼åˆç†,å—æ¸¯åŒ—å¤§è’æ°´é¤ƒåº—,ChIJv4dK1lirQjQRTurkPAZOiqA,3.8
Vic Huang,5.0,The main body is a dumpling shop with lo-mei But the dumplings are also delicious More skin Q stuffing ate for ten years,2 days ago,https://www.google.com/maps/contrib/107493523800056068658/reviews?hl=en-US&sa=X&ved=2ahUKEwjrjsrpp7v5AhWaKkQIHTvpDhQQvfQBegUIARCcAQ,æœ¬é«”æ˜¯æ»·å‘³çš„é¤ƒå­åº— ä½†é¤ƒå­ä¹Ÿååˆ†å¥½åƒ çš®Qé¤¡å¤š åƒäº†åå¹¾å¹´,å—æ¸¯åŒ—å¤§è’æ°´é¤ƒåº—,ChIJv4dK1lirQjQRTurkPAZOiqA,3.8
renee liu,4.0,"five visits The sauce of the salad is amazing, the lemon egg salad is refreshing and delicious, the stew in the beef and vegetable soup is very delicious, the atmosphere of the store is warm and refreshing",3 days ago,https://www.google.com/maps/contrib/111394079125720339419/reviews?hl=en-US&sa=X&ved=2ahUKEwjhtfbpp7v5AhUcLEQIHRuaBHsQvfQBegQIARBq,äº”è¨ª æ²™æ‹‰çš„é†¬æ–™éå¸¸é©šè±”ï¼Œæª¸æª¬è›‹æ²™æ‹‰æ¸…çˆ½å…¥å‘³ï¼Œç‰›è‚‰è”¬èœæ¹¯è£¡çš„ç‡‰ç‰©éƒ½å¾ˆå…¥å‘³ï¼Œåº—è£¡æ°£æ°›æº«é¦¨æ¸…çˆ½,å°æ¹¯çƒ æ¹¯å°ˆé–€åº—,ChIJw__PrcerQjQRR68o5dQYYbg,4.4
ENA ANE,5.0,"From the first store in Taichung to now, I really make soup with my heart!!",2 weeks ago,https://www.google.com/maps/contrib/114815311998035403921/reviews?hl=en-US&sa=X&ved=2ahUKEwjokbXqp7v5AhUNLEQIHXUVC_MQvfQBegQIARAz,å¾å°ä¸­ç¬¬ä¸€é–“åº—å–åˆ°ç¾åœ¨ï¼ŒçœŸçš„å¾ˆç”¨å¿ƒåšæ¹¯!!,å°æ¹¯çƒ æ¹¯å°ˆé–€åº—,ChIJw__PrcerQjQRR68o5dQYYbg,4.4
SZUWEI HUANG,1.0,Shop assistant ğŸ¤·â€â™‚ï¸,a week ago,https://www.google.com/maps/contrib/112245106177629165705/reviews?hl=en-US&sa=X&ved=2ahUKEwjhtfbpp7v5AhUcLEQIHRuaBHsQvfQBegUIARDvAQ,åº—å“¡ğŸ¤·â€â™‚ï¸,å°æ¹¯çƒ æ¹¯å°ˆé–€åº—,ChIJw__PrcerQjQRR68o5dQYYbg,4.4
Vicky Huang,5.0,"The original home temperature brand was changed to Xiaotangwu, and the menu was slightly adjusted, but the taste remained the same. This time, I ordered the large salad of the new menu. The pepper and sesame sauce is slightly numb and slightly spicy. There are frozen soups that can be ordered every month, and you can also drink their soups simply by heating them at home. Big push!",a week ago,https://www.google.com/maps/contrib/102103465339281068765/reviews?hl=en-US&sa=X&ved=2ahUKEwjhtfbpp7v5AhUcLEQIHRuaBHsQvfQBegUIARCGAg,åŸæœ¬çš„å®¶æº«åº¦å“ç‰Œæ›´æ›ç‚ºå°æ¹¯çƒï¼Œèœå–®ç•¥æœ‰èª¿æ•´ï¼Œä½†ç¾å‘³ä¸è®Šã€‚é€™æ¬¡é»æ–°èœå–®çš„å¤§æ²™æ‹‰ï¼Œæ¤’éº»é†¬å¾®å¾®éº»å¾®å¾®è¾£ï¼Œä»½é‡åè¶³ï¼Œæœ‰è›‹ç™½è³ªæœ‰è”¬èœï¼Œå¯å–®é»å¯é…å¥—é¤ã€‚æ¯æœˆæœ‰å†·å‡æ¹¯å“å¯ä»¥è¨‚è³¼ï¼Œåœ¨å®¶ç°¡å–®åŠ ç†±ä¹Ÿå¯ä»¥å–åˆ°ä»–å€‘çš„æ¹¯å“ï¼Œå¤§æ¨ï¼,å°æ¹¯çƒ æ¹¯å°ˆé–€åº—,ChIJw__PrcerQjQRR68o5dQYYbg,4.4
Uham,5.0,"The curry is delicious, and I feel that it is the result of careful cooking. Although the overall portion of the fried oysters is relatively small, the outer layer is crispy and the taste is bursting when you bite into it. The downside is that it is also very hot inside, because it is too hot, I can't even finish the miso soup. Will want to choose to visit again in winter.",2 weeks ago,https://www.google.com/maps/contrib/113263845094334628817/reviews?hl=en-US&sa=X&ved=2ahUKEwi21Jnsp7v5AhV9LUQIHQCUBnsQvfQBegUIARDZAQ,å’–å–±å¾ˆç¾å‘³ï¼Œæ„Ÿå—å¾—å‡ºæ˜¯ç”¨å¿ƒç†¬ç…®çš„æˆæœï¼›ç‚¸ç‰¡è £é›–ç„¶æ•´é«”ä»½é‡æ¯”è¼ƒå°ï¼Œä½†ä¹Ÿæ˜¯å¤–å±¤é…¥è„†ã€å’¬é–‹æœ‰çˆ†æ±çš„å£æ„Ÿã€‚ç¼ºé»æ˜¯å®¤å…§ä¹Ÿå¾ˆæ‚¶ç†±ï¼Œå› ç‚ºå¤ªç†±ï¼Œé€£æ»‘è‡å‘³å™Œæ¹¯éƒ½æ²’èƒ½å–å®Œã€‚æœƒæƒ³é¸æ“‡åœ¨å†¬å¤©å†ä¾†äºŒè¨ªã€‚,å‹åˆ©æ´‹é£Ÿ,ChIJFUD2uM2rQjQRnjn-N2UsCbA,4.8
è˜‡å¿—æ©,5.0,"Very delicious fried steak sandwich, the first time I want to give the store a review!",2 weeks ago,https://www.google.com/maps/contrib/111989022889355785883/reviews?hl=en-US&sa=X&ved=2ahUKEwjSi-Tsp7v5AhX-LEQIHTaDBIoQvfQBegQIARBH,éå¸¸ç¾å‘³çš„ç‚¸ç‰›æ’ä¸‰æ˜æ²»ï¼Œç¬¬ä¸€æ¬¡ä¸»å‹•æƒ³è¦çµ¦åº—å®¶è©•è«–ï¼,å‹åˆ©æ´‹é£Ÿ,ChIJFUD2uM2rQjQRnjn-N2UsCbA,4.8
RA TO,5.0,"Just ordered bread, pumpkin puree and soup delivery It was amazing when it was delivered. The bread was freshly baked and delicious. Pumpkin soup feels good for the first time Pumpkin puree is cold do not eat The first time I was sick, I was so happy to be able to eat so smoothly It's no surprise that I will often order this delivery in the near future",2 months ago,https://www.google.com/maps/contrib/112782114182680462713/reviews?hl=en-US&sa=X&ved=2ahUKEwi_v97rp7v5AhXTLEQIHZ5uDwEQvfQBegQIARAe,å‰›å«éºµåŒ…å—ç“œæ³¥è·Ÿæ¹¯å¤–é€ é€ä¾†æ™‚è »é©šè‰·éºµåŒ…æ˜¯å‰›çƒ¤å¥½åˆå¾ˆé¦™ å—ç“œæ¹¯é ­ä¸€æ¬¡å–çš„æ„Ÿè¦ºå¾ˆèˆ’æœ å—ç“œæ³¥æ˜¯å†·çš„å°±æ²’åƒ ç¬¬ä¸€æ¬¡ç”Ÿç—…é‚„èƒ½åƒé€™éº¼é †æš¢å¾ˆé–‹å¿ƒ æ²’æ„å¤–è¿‘æœŸæœƒå¸¸å¸¸é»é€™å®¶å¤–é€,å°æ¹¯çƒ æ¹¯å°ˆé–€åº—,ChIJw__PrcerQjQRR68o5dQYYbg,4.4
Mika Wu (Mika wu),4.0,"The top is focaccia bread, the inner Q is not hard, just the softness I like The following is the French crispy bread, which is crispy on the outside and soft on the inside, which is also my favorite, but because the middle is very fluffy, it feels less portion. The two bowls of soup ordered today are Minced Pork with Tomatoes Vegetable Baby Soup (Cauliflower, Cheese and Dill Soup) - It's like a soup version of baby porridge. I thought I could eat cauliflower, but all kinds of vegetables were broken into the soup. This version is relatively light and not bad. drink Overall it was delicious and would like to come back for other kinds of soup",3 months ago,https://www.google.com/maps/contrib/111666641512272363967/reviews?hl=en-US&sa=X&ved=2ahUKEwi_v97rp7v5AhXTLEQIHZ5uDwEQvfQBegQIARB8,ä¸Šé¢æ˜¯ä½›å¡å¤éºµåŒ…ï¼Œå…§Qä¸ç¡¬å‰›å¥½æ˜¯æˆ‘å–œæ­¡çš„è»Ÿç¡¬åº¦ ä¸‹é¢æ˜¯æ³•å¼é…¥è„†éºµåŒ…ï¼Œå¤–é…¥å…§è»Ÿï¼Œä¹Ÿæ˜¯æˆ‘å–œæ­¡çš„ï¼Œåªæ˜¯å› ç‚ºä¸­é–“å¾ˆè“¬é¬†æ‰€ä»¥åƒèµ·ä¾†æ„Ÿè¦ºä»½é‡è¼ƒå°‘ ä»Šå¤©é»çš„å…©ç¢—æ¹¯æ˜¯ ç•ªèŒ„ç¢è±¬è‚‰ è”¬èœå¯¶å¯¶æ¹¯ï¼ˆç¶ èŠ±æ¤°èœèµ·å¸è’”è˜¿æ¿ƒæ¹¯ï¼‰-åƒæ˜¯æ¹¯ç‰ˆçš„å¯¶å¯¶ç²¥ï¼ŒåŸæœ¬ä»¥ç‚ºå¯ä»¥åƒåˆ°èŠ±æ¤°èœï¼Œçµæœå„ç¨®è”¬èœéƒ½æ‰“ç¢åœ¨æ¹¯è£¡ï¼Œæ­¤æ¬¾ç›¸è¼ƒä¹‹ä¸‹æ¯”è¼ƒæ¸…æ·¡ï¼Œä¹Ÿä¸éŒ¯å– æ•´é«”è€Œè¨€æ˜¯å¥½åƒçš„ï¼Œè€Œä¸”æœƒæƒ³å†ä¾†å–å…¶ä»–ç¨®é¡çš„æ¹¯,å°æ¹¯çƒ æ¹¯å°ˆé–€åº—,ChIJw__PrcerQjQRR68o5dQYYbg,4.4
Harvey Weg,5.0,"Our curry is quite distinctive, and the basic sauce is chicken thigh sauce curry In the process of tasting the main food, you can eat a lot of chicken thigh pieces It's an unexpected bonus. The curry is mellow and rich, if you like spicy food, it is also recommended The decoration of the store is quite elegant, and the owner manages it carefully It is recommended for curry partners who want to be satisfied and want to taste exquisite curry.",a week ago,https://www.google.com/maps/contrib/109691679068134165231/reviews?hl=en-US&sa=X&ved=2ahUKEwjQ3pLrp7v5AhX4BEQIHXI8BlAQvfQBegUIARDTAQ,æœ¬å®¶å’–å“©æŒºæœ‰ç‰¹è‰²ï¼ŒåŸºç¤é†¬æ–™ç‚ºé›è…¿è‚‰é†¬å’–å“© åœ¨å“åšä¸»é£Ÿçš„éç¨‹ä¸­èƒ½å¤ åƒåˆ°æŒºå¤šé›è…¿è‚‰å¡Š ç®—æ˜¯æ„å¤–çš„åŠ åˆ†é …ç›®ã€‚ å’–å“©é¦™é†‡æ¿ƒéƒï¼Œå¦‚æœå–œæ­¡åƒè¾£çš„æœ‹å‹ä¹Ÿå¾ˆæ¨è–¦ åº—é¢è£æ½¢é —ç‚ºé›…ç·»ï¼Œè€é—†ç¶“ç‡Ÿç”¨å¿ƒ æ¨è–¦çµ¦æƒ³è¦æ°é©é£½è¶³ï¼Œåˆæƒ³å“å‘³ç²¾ç·»çš„å’–å“©å¤¥ä¼´ã€‚,å‹åˆ©æ´‹é£Ÿ,ChIJFUD2uM2rQjQRnjn-N2UsCbA,4.8
Carry Liu,5.0,The boss is very nice ã„Œ! I finally got a delicious curry from Tainan!,3 days ago,https://www.google.com/maps/contrib/115540983776403230419/reviews?hl=en-US&sa=X&ved=2ahUKEwjWsKzqp7v5AhUoLkQIHdSqCgcQvfQBegUIARC9AQ,è€é—†éå¸¸Niceã„Œï¼å¾å°å—ä¾†çµ‚æ–¼åƒåˆ°å¥½åƒå’–å“©ã„Œï¼,å‹åˆ©æ´‹é£Ÿ,ChIJFUD2uM2rQjQRnjn-N2UsCbA,4.8
Tina He,5.0,"Not much nonsense, it is very delicious ğŸ˜‹ It's a store that I will want to visit again in a whileğŸ‘",3 days ago,https://www.google.com/maps/contrib/117873502933369250450/reviews?hl=en-US&sa=X&ved=2ahUKEwjhtoLqp7v5AhVZDkQIHZccAwEQvfQBegUIARDcAQ,å»¢è©±ä¸å¤šèªªï¼Œå°±æ˜¯éå¸¸å¥½åƒğŸ˜‹ æ˜¯ã„§é–“æœƒæƒ³å†å›è¨ªçš„åº—å®¶ğŸ‘,Solo Pasta,ChIJwQPcmc-rQjQRtXDQA__PPwg,4.6
è‘‰ä¿Šä½‘,5.0,Dumplings are big and delicious,a week ago,https://www.google.com/maps/contrib/112731641717215288303/reviews?hl=en-US&sa=X&ved=2ahUKEwjrzuXqp7v5AhV_KEQIHVEWCJ0QvfQBegUIARC3AQ,æ°´é¤ƒå¤§é¡†åˆå¥½åƒ,å—æ¸¯åŒ—å¤§è’æ°´é¤ƒåº—,ChIJv4dK1lirQjQRTurkPAZOiqA,3.8
atnatea Tseng,4.0,"*Dumplings are filled with filling, jokingly called - a little lion head wrapped in dough! *Dumpling meat filling is slightly woody, but it is dipped in lu-mei oily braised sauce, which balances the taste buds and makes it even more delicious! *The sauerkraut attached to the lo mei is crisp, sour, slightly sweet, and has a good taste. You may pass by nearby, call and book 20 minutes in advance, park the car, pay, take the food, go home and enjoy it easily, a great joy!",a week ago,https://www.google.com/maps/contrib/105963739788204716436/reviews?hl=en-US&sa=X&ved=2ahUKEwiO_a_rp7v5AhULEEQIHdsLA1gQvfQBegQIARBm,*æ°´é¤ƒ å…§é¤¡é£½æ»¿ï¼Œæˆ²ç¨±-åŒ…äº†éºµçš®çš„å°ç…å­é ­! *æ°´é¤ƒè‚‰é¤¡ é›–ç•¥æŸ´ï¼Œæ²¾æ»·å‘³çš„æ²¹äº®ç´…ç‡’é†¬æ±ï¼Œå¹³è¡¡å‘³è•¾ æ›´ç‚ºå¥½åƒ! *æ»·å‘³ é™„çš„ é…¸èœï¼Œè„†é…¸ å¾®ç”œ å£æ„Ÿä½³ã€‚ å¯èƒ½ç¶“éé™„è¿‘ï¼Œæå‰20åˆ†é˜æ‰“é›»è©±è¨‚ï¼Œä¸€åœè»Šï¼Œä»˜æ¬¾ï¼Œæ‹¿è‘—ç¾é£Ÿï¼Œå›å®¶è¼•é¬†äº«ç”¨ï¼Œä¸€å¤§å¿«å“‰!,å—æ¸¯åŒ—å¤§è’æ°´é¤ƒåº—,ChIJv4dK1lirQjQRTurkPAZOiqA,3.8
Dona Dona,4.0,"I really like the atmosphere of a little wine cellar, I will accidentally drink a few more glasses ğŸ˜…",2 weeks ago,https://www.google.com/maps/contrib/111547531708876518610/reviews?hl=en-US&sa=X&ved=2ahUKEwj52ofsp7v5AhX-KkQIHVh3AcMQvfQBegUIARC3AQ,å¾ˆå–œæ­¡æœ‰é»é…’çª–çš„æ°›åœï¼Œæœƒä¸å°å¿ƒå¤šå–å¹¾æ¯ğŸ˜…,Solo Pasta,ChIJwQPcmc-rQjQRtXDQA__PPwg,4.6
é«˜æ˜Šå“²,2.0,"The food is delicious but the air-conditioning really needs to be improved Otherwise, it is delicious and the appetite is too hot to eat.",2 weeks ago,https://www.google.com/maps/contrib/116131696228812208767/reviews?hl=en-US&sa=X&ved=2ahUKEwi21Jnsp7v5AhV9LUQIHQCUBnsQvfQBegUIARCSAQ,æ±è¥¿å¥½åƒä½†å†·æ°£çœŸçš„çœŸçš„çœŸçš„éœ€è¦æ”¹å–„ ä¸ç„¶å¾ˆå¥½åƒæœ‰é£Ÿæ…¾éƒ½ç†±åˆ°åƒä¸ä¸‹äº†,å‹åˆ©æ´‹é£Ÿ,ChIJFUD2uM2rQjQRnjn-N2UsCbA,4.8
è¬è£•ä»,3.0,"To tell the truth, it is not very delicious, but the heroic big dumplings and Luwei can come and taste when you have the opportunity to pass by.",6 days ago,https://www.google.com/maps/contrib/117090952373943835179/reviews?hl=en-US&sa=X&ved=2ahUKEwil_ozqp7v5AhUXKkQIHcI6AD0QvfQBegUIARCEAQ,èªªå¯¦åœ¨çš„æ²’æœ‰åˆ°éå¸¸å¥½åƒï¼Œä½†è±ªé‚çš„å¤§æ°´é¤ƒåŠé­¯å‘³æœ‰æ©Ÿæœƒè·¯éå¯ä»¥ä¾†åšä¸€åšã€‚,å—æ¸¯åŒ—å¤§è’æ°´é¤ƒåº—,ChIJv4dK1lirQjQRTurkPAZOiqA,3.8
noodles Super,4.0,"Dumplings are good, but a little expensive, but big Braised cabbage is darker and has a heavier taste, it may depend on the individual Lots of people in line, long wait",a day ago,https://www.google.com/maps/contrib/104960538765426058796/reviews?hl=en-US&sa=X&ved=2ahUKEwjrjsrpp7v5AhWaKkQIHTvpDhQQvfQBegQIARBX,æ°´é¤ƒé‚„ä¸éŒ¯åƒ ä¸éæœ‰é»å°è²´ ä½†å¾ˆå¤§é¡† æ»·èœè¼ƒé»‘ æ¯”è¼ƒé‡å£å‘³ å¯èƒ½è¦çœ‹å€‹äºº æ’éšŠäººæ½®è »å¤š è¦ç­‰è¼ƒä¹…,å—æ¸¯åŒ—å¤§è’æ°´é¤ƒåº—,ChIJv4dK1lirQjQRTurkPAZOiqA,3.8
é»ƒè©©å©·ï¼ˆClaireï¼‰,4.0,"Side dishes: Matsusaka pork and bitter gourd must order~ The side dishes/luwei are really delicious. I want to try it when I pass by. The big dumplings are delicious and big, I really feel full after eating 6 of them with side dishesğŸ‘ Four stars because the environment could have been cleaner. The ingredients are delicious, and I have visited many times:) If you care about the environment, you can take it out:)",a week ago,https://www.google.com/maps/contrib/113562867983553695415/reviews?hl=en-US&sa=X&ved=2ahUKEwil_ozqp7v5AhUXKkQIHcI6AD0QvfQBegUIARCzAQ,å°èœï¼šæ¾é˜ªè±¬è·Ÿè‹¦ç“œå¿…é»ï½ å°èœ/æ»·å‘³çœŸçš„å¥½å¥½åƒï¼Œæœ‰è·¯éè¦ä¾†åšé®®ä¸€ä¸‹ã€‚ å¤§æ°´é¤ƒå¥½åƒåˆå¤§é¡†ï¼ŒçœŸçš„åƒ6é¡†é…ä¸Šå°èœå°±å¾ˆé£½äº†ğŸ‘ çµ¦å››é¡†æ˜Ÿæ˜¯å› ç‚ºç’°å¢ƒå¯ä»¥å†æ›´ä¹¾æ·¨ä¸€äº›ã€‚ é£Ÿæå¥½åƒï¼Œå·²ç¶“å›è¨ªå¾ˆå¤šæ¬¡äº†ï¼šï¼‰åœ¨æ„ç’°å¢ƒçš„ï¼Œå¯ä»¥å¤–å¸¶ï¼šï¼‰,å—æ¸¯åŒ—å¤§è’æ°´é¤ƒåº—,ChIJv4dK1lirQjQRTurkPAZOiqA,3.8
èŠç‘éºŸ,3.0,delicious,5 days ago,https://www.google.com/maps/contrib/111724188530137367088/reviews?hl=en-US&sa=X&ved=2ahUKEwi8nODqp7v5AhV9KkQIHcMfAW8QvfQBegQIARBk,ä¸éŒ¯åƒ,Solo Pasta,ChIJwQPcmc-rQjQRtXDQA__PPwg,4.6
Jason Yu,4.0,"The most popular big dumplings and all kinds of lo-mei, in addition to selling pasta and soup. There will be a queue during meal times. The dumplings are one size larger than those sold by other stores, and there is only one kind of filling: minced pork + cabbage + chives; the filling is like a bun filling, which is quite elastic and firm, unlike ordinary dumpling fillings, you can use the dumplings here Imagine a bun with dumpling skin. Dine-in is 8.5 yuan, and a pack of 30 frozen dumplings is 240 yuan. There are about 20 kinds of lo mei items to choose from, such as dried tofu, kelp, beef, beef tendon, tripe, pig scalp, pig ears, pig nose...etc. The lo mei is placed at the door of the store. If you want to eat lo mei, you have to order it here. The store will burn it first, add Chaotian pepper and sauerkraut stalks, and then deliver it to your table. Luwei is delicious, and the result is that you want to eat everything. The amount of luwei at checkout often exceeds the amount of staple food (dumplings, pasta). The dry noodles are sweet and the taste is average. The pork liver of the pork liver soup is hard, and the soup is sweet, but it is quite smooth. The dining environment is old, the lighting is not very bright, and it is not comfortable. There are about three or four square tables on the first floor, and there are more than ten square and round tables on the second floor. The stairs upstairs are steep, be careful!",2 days ago,https://www.google.com/maps/contrib/115578761784727275882/reviews?hl=en-US&sa=X&ved=2ahUKEwjrjsrpp7v5AhWaKkQIHTvpDhQQvfQBegUIARC5AQ,æœ€å—æ­¡è¿çš„å¤§æ°´é¤ƒå’Œå„å¼æ»·å‘³ï¼Œæ­¤å¤–ä¹Ÿè³£éºµé£Ÿå’Œæ¹¯å“ã€‚ç”¨é¤æ™‚é–“éœ€è¦æ’éšŠã€‚ æ°´é¤ƒæ¯”å…¶ä»–åº—å®¶è³£çš„å¤§ä¸€è™Ÿï¼Œåªæœ‰ä¸€ç¨®é¤¡ï¼šè±¬çµè‚‰+é«˜éº—èœ+éŸ­èœ; å…§é¤¡åƒæ˜¯åŒ…å­é¤¡ï¼Œé —æœ‰å½ˆæ€§è€Œä¸”è¼ƒçµå¯¦ï¼Œä¸åƒæ˜¯ä¸€èˆ¬çš„æ°´é¤ƒé¤¡ï¼Œå¯ä»¥å°‡é€™è£¡çš„æ°´é¤ƒæƒ³åƒæ˜¯æ°´é¤ƒçš®çš„åŒ…å­ã€‚ å ‚é£Ÿä¸€é¡†8.5å…ƒï¼Œå¤–å¸¶çš„å†·å‡æ°´é¤ƒ1åŒ…30é¡†240å…ƒã€‚ æ»·å‘³ç´„æœ‰äºŒåå¹¾ç¨®å“é …å¯ä»¥é¸æ“‡ï¼Œè±†å¹²ã€æµ·å¸¶ã€ç‰›è‚‰ã€ç‰›ç­‹ã€ç‰›è‚šã€è±¬é ­çš®ã€è±¬è€³æœµã€è±¬é¼»å­...ç­‰ç­‰ã€‚æ»·å‘³æ“ºæ”¾çš„ä½ç½®åœ¨åº—é–€å£ï¼Œæƒ³åƒæ»·å‘³å°±è¦åˆ°é€™è£¡é»ï¼Œåº—å®¶æœƒå…ˆç‡™éï¼Œå†åŠ ä¸Šæœå¤©æ¤’å’Œé…¸èœæ¢—å¾Œï¼Œé€åˆ°ä½ çš„é¤æ¡Œã€‚ æ»·å‘³å‘³ç¾ï¼Œçµæœæ˜¯ä»€éº¼éƒ½æƒ³åƒï¼Œçµå¸³æ™‚æ»·å‘³çš„é‡‘é¡å¾€å¾€è¶…å‡ºä¸»é£Ÿ(æ°´é¤ƒã€éºµé£Ÿ)çš„é‡‘é¡è¨±å¤šã€‚ ä¹¾éºµåç”œï¼Œå‘³é“ä¸€èˆ¬ã€‚è±¬è‚æ¹¯çš„è±¬è‚åç¡¬ï¼Œæ¹¯é ­å¸¶ç”œï¼Œä¸éè »é †å£çš„ã€‚ ç”¨é¤ç’°å¢ƒé™³èˆŠã€ç‡ˆå…‰ä¸æ˜¯å¾ˆæ˜äº®ï¼Œç¨±ä¸ä¸Šèˆ’é©ã€‚ä¸€æ¨“ç´„æœ‰ä¸‰ã€å››å¼µæ–¹æ¡Œï¼ŒäºŒæ¨“å‰‡æœ‰ç¸½å…±è¶…éåå¼µçš„æ–¹æ¡Œå’Œå¤§åœ“æ¡Œã€‚ä¸Šæ¨“çš„æ¨“æ¢¯å¾ˆé™¡ï¼Œè¦å°å¿ƒï¼,å—æ¸¯åŒ—å¤§è’æ°´é¤ƒåº—,ChIJv4dK1lirQjQRTurkPAZOiqA,3.8
æœå°æœˆ,4.0,"The most powerful thing in the Great Northern Wilderness is the dumplings that are half the size of a fist and can be piled up into a small mountain of lo-mei ğŸ¤£ In addition to being quite confident in their food intake, girls are advised not to exceed 5 ğŸ˜‰ I can't eat anything else ğŸ‘ Lots of off-street parking around! Fairly convenient.",2 weeks ago,https://www.google.com/maps/contrib/106904390079145919507/reviews?hl=en-US&sa=X&ved=2ahUKEwiO_a_rp7v5AhULEEQIHdsLA1gQvfQBegUIARDAAQ,å—æ¸¯åŒ—å¤§è’æœ€å¼·å¤§æ‡‰è©²å°±å±¬åŠå€‹æ‹³é ­å¤§çš„æ°´é¤ƒè·Ÿéš¨ä¾¿é»éƒ½èƒ½å †æˆå°å±±çš„æ»·å‘³ğŸ¤£ å¥³å­©å€‘é™¤äº†å°è‡ªå·±çš„é£Ÿé‡ç›¸ç•¶å…·æœ‰ä¿¡å¿ƒï¼Œå»ºè­°ä¸è¦è¶…é5é¡†ğŸ˜‰ å…¶ä»–æ±è¥¿æœƒåƒä¸ä¸‹ğŸ‘ å‘¨é‚Šçš„è·¯å¤–åœè»Šæ ¼å¾ˆå¤šï¼é‚„ç®—æ–¹ä¾¿ã€‚,å—æ¸¯åŒ—å¤§è’æ°´é¤ƒåº—,ChIJv4dK1lirQjQRTurkPAZOiqA,3.8
Lon Pan,3.0,"It tastes popular, and the side dishes are a bit expensive",2 weeks ago,https://www.google.com/maps/contrib/111790836212326225707/reviews?hl=en-US&sa=X&ved=2ahUKEwiO_a_rp7v5AhULEEQIHdsLA1gQvfQBegUIARCpAQ,åƒèµ·ä¾†æ™®æ™®ï¼Œå°èœè²´äº†é»,å—æ¸¯åŒ—å¤§è’æ°´é¤ƒåº—,ChIJv4dK1lirQjQRTurkPAZOiqA,3.8
Chih Siao,5.0,"You can drink two kinds of soup at one time, satisfying people who have difficulty in choice. There are many ingredients in the soup to be full. Japanese bread is delicious, and the soup with bread dipped in thick soup is also delicious",a month ago,https://www.google.com/maps/contrib/113734632968786610357/reviews?hl=en-US&sa=X&ved=2ahUKEwj_zYjrp7v5AhVeKEQIHRsCDxQQvfQBegQIARAC,ä¸€æ¬¡å¯ä»¥å–åˆ°å…©ç¨®æ¹¯ï¼Œæ»¿è¶³é¸æ“‡éšœç¤™çš„äººï¼Œæ¹¯è£¡çš„æ–™å¤šèƒ½åƒé£½ï¼Œæ—¥å¼éºµåŒ…å¾ˆå¥½åƒï¼ŒéºµåŒ…æ²¾æ¿ƒæ¹¯é¡çš„æ¹¯å“ä¹Ÿå¾ˆå¥½åƒ,å°æ¹¯çƒ æ¹¯å°ˆé–€åº—,ChIJw__PrcerQjQRR68o5dQYYbg,4.4
Johnson Hung,5.0,"Great taste, portion size can be increased",2 days ago,https://www.google.com/maps/contrib/113645851001709444700/reviews?hl=en-US&sa=X&ved=2ahUKEwjhtoLqp7v5AhVZDkQIHZccAwEQvfQBegUIARCVAQ,å‘³é“å„ªç§€ï¼Œä»½é‡å¯ä»¥å†æå‡,Solo Pasta,ChIJwQPcmc-rQjQRtXDQA__PPwg,4.6
Zach Chen,3.0,"It's delicious, I will want to visit again. The second time I eat it, I think it's ordinary and tasteless. I won't be here again.",6 days ago,https://www.google.com/maps/contrib/114569920077784869680/reviews?hl=en-US&sa=X&ved=2ahUKEwi8nODqp7v5AhV9KkQIHcMfAW8QvfQBegUIARCxAQ,å¥½åƒ æœƒæƒ³äºŒè¨ª. ç¬¬äºŒæ¬¡åƒè¦ºå¾—æ™®é€šæ²’å‘³é“ ä¸æœƒåœ¨ä¾†äº†,Solo Pasta,ChIJwQPcmc-rQjQRtXDQA__PPwg,4.6
éº»ç³¬è€å¸« Maggie Lin,1.0,"After the maternity check, I came to eat nearby, and I read the Internet and said that this is the best pasta in Taipei. Looking forward to coming here, I found that the restaurant opposite Zhongshan Hospital is much better. Arranged in order of serving â‘ I ordered pumpkin soup, which is a clear soup filled with spices and tasted like curry; berry sparkling drink, ordinary. â‘¡ Potato pancakes are delicious, you can order them â‘¢BarÃ§a Vinegar Smoked Duck Breast Cream Spaghetti, it took almost 40 minutes to serve the last dish ğŸ™ƒ (It took about 5 minutes after waiting too long to ask the waiter) â‘£Tiramisu (haven't eaten yet... no comment) In conclusion, this house will not visit again If I had known that I had read the other comments first, I wouldn't have stepped on the thunder.",2 weeks ago,https://www.google.com/maps/contrib/106941392318893696868/reviews?hl=en-US&sa=X&ved=2ahUKEwj52ofsp7v5AhX-KkQIHVh3AcMQvfQBegUIARCcAQ,ç”¢æª¢å®Œä¾†é™„è¿‘åƒé£¯ï¼Œçœ‹äº†ç¶²è·¯èªªé€™æ˜¯å°åŒ—å¸‚æœ€å¥½åƒçš„ç¾©å¤§åˆ©éºµã€‚æ»¿å¿ƒæœŸå¾…éä¾†ï¼Œç™¼ç¾ä¸­å±±é†«é™¢å°é¢çš„é¤å»³é‚„å¥½åƒè¨±å¤šã€‚ ä¾ç…§ä¸Šèœé †åºæ’åˆ— â‘ é»äº†å—ç“œæ¿ƒæ¹¯ï¼Œå°±æ˜¯åŠ æ»¿é¦™æ–™å–èµ·ä¾†åƒå’–å–±çš„æ¸…æ¹¯ï¼›è“æœæ°£æ³¡é£²ï¼Œæ™®é€šã€‚ â‘¡é¦¬éˆ´è–¯ç…é¤…é‚„ä¸éŒ¯åƒï¼Œå¯ä»¥é» â‘¢å·´è–©é†‹ç‡»é´¨èƒ¸å¥¶æ²¹ç¾©å¤§åˆ©éºµï¼Œè·Ÿä¸Šä¸€é“èœéš”äº†å¿«40åˆ†é˜æ‰ä¸Šæ¡ŒğŸ™ƒ ï¼ˆç­‰å¤ªä¹…å—ä¸äº†è©¢å•æœå‹™ç”Ÿå¾Œå¤§æ¦‚5åˆ†é˜å°±ä¸Šæ¡Œäº†ï¼‰ â‘£ææ‹‰ç±³è˜‡ ï¼ˆé‚„æ²’åƒåˆ°â‹¯â‹¯ä¸äºˆç½®è©•ï¼‰ çµè«–ï¼Œé€™å®¶ä¸æœƒäºŒè¨ª æ—©çŸ¥é“å…ˆçœ‹å…¶ä»–è©•è«–å°±ä¸æœƒä¾†è¸©é›·äº†,Solo Pasta,ChIJwQPcmc-rQjQRtXDQA__PPwg,4.6
é™³é§¿å‡±,4.0,"The dumplings are good, with big fillings and filling; the blanched vegetables are a bit stale.",a week ago,https://www.google.com/maps/contrib/108558995472304631090/reviews?hl=en-US&sa=X&ved=2ahUKEwjrzuXqp7v5AhV_KEQIHVEWCJ0QvfQBegUIARCgAQ,æ°´é¤ƒä¸éŒ¯ï¼Œå¤§é¡†é¤¡æ–™é£½æ»¿ï¼›ç‡™é’èœæœ‰é»ä¸æ–°é®®ã€‚,å—æ¸¯åŒ—å¤§è’æ°´é¤ƒåº—,ChIJv4dK1lirQjQRTurkPAZOiqA,3.8
ã‚¯ã‚µ,5.0,"Delicious food, relaxing space, always favorite shop",3 weeks ago,https://www.google.com/maps/contrib/115732276828570822991/reviews?hl=en-US&sa=X&ved=2ahUKEwjokbXqp7v5AhUNLEQIHXUVC_MQvfQBegQIARB6,å¾ˆå¥½åƒçš„é£Ÿç‰©ï¼Œå¾ˆæ”¾é¬†çš„ç©ºé–“ï¼Œæ°¸é å–œæ­¡çš„åº—,å°æ¹¯çƒ æ¹¯å°ˆé–€åº—,ChIJw__PrcerQjQRR68o5dQYYbg,4.4
å¾å¤è˜­,5.0,Dumplings are big and taste good,a week ago,https://www.google.com/maps/contrib/116281254583086230437/reviews?hl=en-US&sa=X&ved=2ahUKEwjrzuXqp7v5AhV_KEQIHVEWCJ0QvfQBegUIARDOAQ,æ°´é¤ƒå¤§é¡†å‘³åˆ°ä¸éŒ¯,å—æ¸¯åŒ—å¤§è’æ°´é¤ƒåº—,ChIJv4dK1lirQjQRTurkPAZOiqA,3.8
è¨±å¤§éµ°,5.0,"I haven't been here for a long time to add myself, I really dare not order too much, it turns out that 8 dumplings and a bowl of soup are just right",a week ago,https://www.google.com/maps/contrib/111586503001411267787/reviews?hl=en-US&sa=X&ved=2ahUKEwjrzuXqp7v5AhV_KEQIHVEWCJ0QvfQBegQIARBY,å¾ˆä¹…æ²’ä¾†åŠ ä¸Šè‡ªå·±ä¸€å€‹äººï¼Œå¯¦åœ¨ä¸æ•¢é»å¤ªå¤šï¼Œäº‹å¯¦è¨¼æ˜æ°´é¤ƒ8é¡†åŠ ç¢—æ¹¯å‰›å‰›å¥½,å—æ¸¯åŒ—å¤§è’æ°´é¤ƒåº—,ChIJv4dK1lirQjQRTurkPAZOiqA,3.8
C Jessie,4.0,"Dine here on 7/20 As soon as I entered the door, I saw a cockroach on the ground. It was quite big. But fortunately myself I'm not afraid of cockroaches, so I didn't yell And cockroaches are very similar to the color of the floor Then... wait for a while The waiter came over to ask if there was a reservation and greet you Talk to the waiter in a low voice There's a cockroach at the door but may be too quiet The staff didn't hear clearly A little brief introduction I'm busy~ During the process, because of my position, I can see the door So my eyes really can't leave The cockroach at the door Later, I explained to another waiter There's a big cockroach at the door He just went to get rid of the cockroaches Otherwise I'll have to watch that cockroach the whole time ğŸ˜… Then ordered 2 main meals Firework girl face and cat ear face an appetizer octopus Add-on set meal for business lunch And a tiramisu The food is delicious ~ my friends and I love it The noodles themselves will be dry Just the way I like it But after the last bite bit into a small piece of plastic I don't know why it's in the face And I didn't notice it when I ate it I got a hard bite in my mouth At first I thought it was chili pepper It turned out to be small pieces of plastic. The plastic sheet is so small that I can't see what it is (pictured) The drink of the set menu is also good with lemon tea I really want to drink more ğŸ˜†ğŸ˜†ğŸ˜† Tiramisu tastes like wine I also like it very much Overall the meal was delicious The staff are also very kind will visit again~",2 weeks ago,https://www.google.com/maps/contrib/103444125381308983685/reviews?hl=en-US&sa=X&ved=2ahUKEwj52ofsp7v5AhX-KkQIHVh3AcMQvfQBegUIARCPAg,7/20åˆ°æ­¤ç”¨é¤ ä¸€é€²é–€çœ‹åˆ°åœ°ä¸Šæœ‰éš»èŸ‘è‚ è »å¤§éš»çš„ ä½†é‚„å¥½æˆ‘æœ¬èº« ä¸æ€•èŸ‘è‚ æ‰€ä»¥ä¹Ÿæ²’æœ‰å¤§å« è€Œä¸”èŸ‘è‚è·Ÿåœ°æ¿é¡è‰²å¾ˆç›¸è¿‘ ç„¶å¾Œï½ç­‰äº†ä¸€ä¸‹ æœå‹™ç”Ÿéä¾†è©¢å•æ˜¯å¦æœ‰è¨‚ä½ ä¸¦æ‹›å‘¼å…¥å å°å°è²çš„è·Ÿæœå‹™äººå“¡èªª é–€å£æœ‰éš»èŸ‘è‚ ä½†å¯èƒ½è¬›å¤ªå°è² æœå‹™äººå“¡æ²’è½æ¸…æ¥š ç¨å¾®ç°¡å–®ä»‹ç´¹ å°±å»å¿™äº†ï½ éç¨‹ä¸­å› ç‚ºæˆ‘çš„ä½ç½®æ˜¯å¯ä»¥çœ‹åˆ°é–€å£ æ–¼æ˜¯æˆ‘çš„çœ¼å…‰çœŸçš„é›¢ä¸é–‹ é–€å£é‚£éš»èŸ‘è‚ å¾Œä¾†åˆè·Ÿå¦å¤–ä¸€ä½æœå‹™ç”Ÿèªªæ˜ é–€å£æœ‰éš»å¤§èŸ‘è‚ ä»–æ‰å»æŠŠèŸ‘è‚è™•ç†æ‰ ä¸ç„¶æˆ‘å°±è¦å…¨ç¨‹çœ‹è‘—é‚£éš»èŸ‘è‚äº†ğŸ˜… ç„¶å¾Œé»äº†2ä»½ä¸»é¤ ç…™èŠ±å¥³éºµè·Ÿè²“è€³æœµéºµ ä¸€ä»½é–‹èƒƒèœ ç« é­š åŠ è³¼äº†å•†æ¥­åˆé¤çš„å¥—é¤ é‚„æœ‰ä¸€ä»½ææ‹‰ç±³è˜‡ é¤é»å¾ˆå¥½åƒï½æˆ‘å’Œæœ‹å‹éƒ½å¾ˆå–œæ­¡ éºµæœ¬èº«æœƒç‚’çš„æ¯”è¼ƒä¹¾ å‰›å¥½æ˜¯æˆ‘å–œæ­¡çš„æ„Ÿè¦º ä¸éåƒå®Œæœ€å¾Œä¸€å£éºµ å±…ç„¶å’¬åˆ°ä¸€å€‹å°å°çš„å¡‘è† ç‰‡ ä¸çŸ¥é“ç‚ºä»€éº¼æœƒåœ¨éºµè£¡é¢ è€Œä¸”æˆ‘åƒçš„æ™‚å€™ä¹Ÿæ²’ç™¼ç¾ æ˜¯åœ¨æˆ‘å£è…”å…§ å’¬åˆ°ä¸€ç‰‡ç¡¬ç¡¬çš„ ä¸€é–‹å§‹ä»¥ç‚ºæ˜¯è¾£æ¤’çš® çµæœåå‡ºä¾†æ˜¯å°å¡‘è† ç‰‡ å¡‘è† ç‰‡å¾ˆå° ä¹Ÿçœ‹ä¸å‡ºæ˜¯ä»€éº¼æ±è¥¿ï¼ˆå¦‚åœ–ï¼‰ å¥—é¤çš„é£²æ–™æª¸æª¬ç´…èŒ¶ä¹Ÿå¾ˆå¥½å– å¥½æƒ³å¤šå–å¹¾æ¯ğŸ˜†ğŸ˜†ğŸ˜† ææ‹‰ç±³è˜‡ å¸¶é»é…’å‘³çš„å‘³é“ ä¹Ÿæ˜¯æˆ‘éå¸¸å–œæ­¡çš„ æ•´é«”ä¾†èªªé¤é»å¾ˆç¾å‘³ ç„¡é›· æœå‹™äººå“¡ä¹Ÿè »è¦ªåˆ‡çš„ æœƒå†å›è¨ªï½,Solo Pasta,ChIJwQPcmc-rQjQRtXDQA__PPwg,4.6
Charlie,4.0,"This is the second visit, and I will still recommend the Wagyu Cheese Ball CurryğŸ‘ğŸ» But I don't know if it was busy during rush hour or other factors, the bread of this fried steak filet mignon was a little overcooked. The air conditioner is also not on, causing the whole body to smell of oil smoke. The service and response of the new colleagues are also very unqualified. I hope to strengthen these small details, otherwise the creation of taste and atmosphere will be very good. Come on.",2 weeks ago,https://www.google.com/maps/contrib/111849960650812880143/reviews?hl=en-US&sa=X&ved=2ahUKEwi21Jnsp7v5AhV9LUQIHQCUBnsQvfQBegUIARCpAQ,æœ¬æ¬¡ç‚ºç¬¬äºŒè¨ªï¼Œä¾ç„¶å¿…æ¨å’Œç‰›èµ·å¸ä¸¸å’–å“©ğŸ‘ğŸ» ä½†æ˜¯ä¸çŸ¥é“æ˜¯å°–å³°æ™‚æ®µæ¯”è¼ƒå¿™ç¢Œé‚„æ˜¯å…¶ä»–å› ç´ ï¼Œæœ¬æ¬¡çš„ç‚¸ç‰›æ’è²åŠ›ä¸‰æ˜æ²»çš„éºµåŒ…æœ‰é»çƒ¤éç„¦äº†ã€‚ ç©ºèª¿ä¹Ÿæ²’å•¥é–‹ å°è‡´å…¨èº«æ²¹ç…™å‘³ã€‚ æ–°ä¾†çš„åŒä»æœå‹™åŠæ‡‰å°ä¹Ÿéå¸¸ä¸åˆæ ¼ï¼Œå¸Œæœ›èƒ½åŠ å¼·é€™äº›å°ç´°ç¯€ï¼Œä¸ç„¶å‘³é“å’Œæ°›åœçš„ç‡Ÿé€ æ˜¯ååˆ†ä¸éŒ¯çš„ åŠ æ²¹ã€‚,å‹åˆ©æ´‹é£Ÿ,ChIJFUD2uM2rQjQRnjn-N2UsCbA,4.8
å¼µå®¶éŠ˜,5.0,first visit The taste is delicious Eat fresh food The warm hospitality of the boss is also a big plus,3 weeks ago,https://www.google.com/maps/contrib/106553736819993609842/reviews?hl=en-US&sa=X&ved=2ahUKEwjSi-Tsp7v5AhX-LEQIHTaDBIoQvfQBegUIARCnAQ,ç¬¬ä¸€æ¬¡é€ è¨ª å£å‘³å¾ˆç¾å‘³åˆ°åœ° åƒå¾—å‡ºé£Ÿæçš„æ–°é®® è€é—†è¦ªåˆ‡æ‹›å¾…ä¹Ÿæ˜¯ä¸€å¤§å„ªé»,å‹åˆ©æ´‹é£Ÿ,ChIJFUD2uM2rQjQRnjn-N2UsCbA,4.8
Dorothy Chen,5.0,"There are various checkout methods, supporting credit cards and various payments, and electronic invoices. The environment is clean and bright, and the tableware is put in the recycling area by yourself after meals. The tableware is a ceramic bowl, not plastic, which is a plus. There are bookshelves and books in the self-service area, and there are picture books inside, which children like very much. The soup meals are fresh and delicious, and there are three kinds of bread in the bread basket, which are delicious. If you have cooked soup yourself, you will know that this soup has the owner's love. Frozen soup packs can be ordered to pick up and drink at home.",3 weeks ago,https://www.google.com/maps/contrib/110276633920946262414/reviews?hl=en-US&sa=X&ved=2ahUKEwjokbXqp7v5AhUNLEQIHXUVC_MQvfQBegUIARCRAQ,çµå¸³æ–¹å¼å¤šå…ƒï¼Œæ”¯æ´ä¿¡ç”¨å¡èˆ‡å„ç¨®æ”¯ä»˜ï¼Œæœ‰é›»å­ç™¼ç¥¨ã€‚ ç’°å¢ƒä¹¾æ·¨æ˜äº®ï¼Œç”¨é¤å¾Œé¤å…·è‡ªåŠ©æ”¾å›æ”¶å€ã€‚ é¤å…·æ˜¯é™¶ç¢—ï¼Œä¸æ˜¯å¡‘è† ï¼Œéå¸¸åŠ åˆ†ã€‚ è‡ªåŠ©å€æœ‰æ›¸æ¶èˆ‡æ›¸ï¼Œè£¡é ­æœ‰ç¹ªæœ¬ï¼Œå­©å­å¾ˆå–œæ­¡ã€‚ æ¹¯å“é¤é»æ–°é®®å¥½åƒï¼ŒéºµåŒ…ç±ƒçš„éºµåŒ…æœ‰ä¸‰ç¨®ï¼Œå¥½åƒã€‚ æœ‰è‡ªå·±ç…®éæ¹¯å°±çŸ¥é“é€™æ¹¯æœ‰è€é—†çš„æ„›ã€‚ å¯é å®šå†·å‡æ¹¯åŒ…è‡ªå–å›å®¶å–ã€‚,å°æ¹¯çƒ æ¹¯å°ˆé–€åº—,ChIJw__PrcerQjQRR68o5dQYYbg,4.4
nimo nimo,5.0,very recommended,6 days ago,https://www.google.com/maps/contrib/102386307825033458616/reviews?hl=en-US&sa=X&ved=2ahUKEwjWsKzqp7v5AhUoLkQIHdSqCgcQvfQBegUIARCCAg,éå¸¸æ¨è–¦,å‹åˆ©æ´‹é£Ÿ,ChIJFUD2uM2rQjQRnjn-N2UsCbA,4.8
Doris,4.0,"The atmosphere in the store is very goodğŸ‘ suitable for dating The food is also delicious (but the cuttlefish noodles are very ordinary, so don't order them) This is the first time I know that the orthodox Montblanc looks like thisğŸ¤£",4 days ago,https://www.google.com/maps/contrib/102786181757628894948/reviews?hl=en-US&sa=X&ved=2ahUKEwi8nODqp7v5AhV9KkQIHcMfAW8QvfQBegQIARAb,åº—å…§æ°£æ°›å¾ˆå¥½ğŸ‘é©åˆç´„æœƒ é¤é»ä¹Ÿå¥½åƒï¼ˆä½†å¢¨é­šéºµå¾ˆæ™®é€šå¯ä»¥ä¸è¦é»ï¼‰ ç¬¬ä¸€æ¬¡çŸ¥é“æ­£çµ±è’™å¸ƒæœ—é•·é€™æ¨£ğŸ¤£,Solo Pasta,ChIJwQPcmc-rQjQRtXDQA__PPwg,4.6
è”¡å®›éœˆ,5.0,good food ğŸ˜‹,3 weeks ago,https://www.google.com/maps/contrib/111890260368381436117/reviews?hl=en-US&sa=X&ved=2ahUKEwjSi-Tsp7v5AhX-LEQIHTaDBIoQvfQBegUIARDAAQ,å¥½é£ŸğŸ˜‹,å‹åˆ©æ´‹é£Ÿ,ChIJFUD2uM2rQjQRnjn-N2UsCbA,4.8
Huang Kuan-Jung,4.0,The food is delicious,2 weeks ago,https://www.google.com/maps/contrib/115779047335959439074/reviews?hl=en-US&sa=X&ved=2ahUKEwjSi-Tsp7v5AhX-LEQIHTaDBIoQvfQBegUIARCQAQ,é£Ÿç‰©å¾ˆå¥½åƒ,å‹åˆ©æ´‹é£Ÿ,ChIJFUD2uM2rQjQRnjn-N2UsCbA,4.8
ingrid tsai,3.0,Lo Mei is a bit too salty and expensive for me.,4 days ago,https://www.google.com/maps/contrib/107721633653825910726/reviews?hl=en-US&sa=X&ved=2ahUKEwil_ozqp7v5AhUXKkQIHcI6AD0QvfQBegQIARAC,å°æˆ‘ä¾†èªªæ»·å‘³æœ‰é»å¤ªé¹¹è€Œä¸”è²´ã€‚,å—æ¸¯åŒ—å¤§è’æ°´é¤ƒåº—,ChIJv4dK1lirQjQRTurkPAZOiqA,3.8
Akasha wu,5.0,"The dumplings are super large and solid, the filling is delicious, the noodles with noodles are very Q, and the gravy is also delicious ğŸ‘ğŸ»ğŸ‘ğŸ»ğŸ‘ğŸ»",3 days ago,https://www.google.com/maps/contrib/117952915124166876980/reviews?hl=en-US&sa=X&ved=2ahUKEwjrjsrpp7v5AhWaKkQIHTvpDhQQvfQBegUIARCnAg,æ°´é¤ƒè¶…å¤§é¡†ç´®å¯¦ï¼Œå…§é¤¡å¾ˆå¥½åƒï¼Œæ‹Œéºµéºµæ¢å¾ˆQï¼Œæ»·å‘³ä¹Ÿå¾ˆå¥½åƒğŸ‘ğŸ»ğŸ‘ğŸ»ğŸ‘ğŸ»,å—æ¸¯åŒ—å¤§è’æ°´é¤ƒåº—,ChIJv4dK1lirQjQRTurkPAZOiqA,3.8
eyes dark,5.0,"There is only one kind of chicken meat sauce curry in the store, and then you can choose the food from the first product area to enrich the curry. I ordered fried beef filet. I was a little scared when I was at the table, but after taking a bite of beef filet, I thought it was the best beef I have ever eaten. I have eaten fried steak before. Maybe the frying technique is not good and it does not taste very good, but this is really It's delicious! Soft and fragrant, the taste with chicken curry is even more appetizing! The soup is mushroom-based miso soup. It tastes different from ordinary miso. The rich aroma after drinking makes people want to refill the bowl. I didnâ€™t have time to go to try it out. A few days ago, I stopped by because my work ended early. There were no customers in the store at about 4 pm, but I heard that a few groups of customers came to reserve seats for the evening. I think I might come later if I come. There is no seat, maybe it's a great dining experience, I will go back to try other dishes next timeğŸ‘",5 days ago,https://www.google.com/maps/contrib/102588373631517246114/reviews?hl=en-US&sa=X&ved=2ahUKEwjWsKzqp7v5AhUoLkQIHdSqCgcQvfQBegUIARDrAQ,åº—å…§å’–å“©åªæœ‰ä¸€ç¨®é›è‚‰è‚‰é†¬å’–å“©ï¼Œç„¶å¾Œå¯ä»¥é¸ä¸€å“å€åŸŸçš„é£Ÿç‰©ä¸€åŒæ­é…ä¾†è±å¯Œé€™ç›¤å’–å“©ï¼Œæˆ‘é»çš„æ˜¯ç‚¸ç‰›è²åŠ›ï¼Œå€‹äººä¹‹å‰æ¯”è¼ƒå°‘é£Ÿç”¨å¸¶è¡€ç¨‹åº¦æ¯”è¼ƒå¤šçš„ç‰›æ’ï¼Œä¸€é–‹å§‹ä¸Šæ¡Œçš„æ™‚å€™æœ‰é»æ€•çš„ï¼Œä½†æ˜¯åƒäº†ä¸€å£ç‰›è²åŠ›è¦ºå¾—æ˜¯ç›®å‰åƒéæœ€å¥½åƒçš„ç‰›è‚‰ï¼Œä»¥å‰æ›¾åƒéç‚¸ç‰›æ’ï¼Œå¯èƒ½ç‚¸çš„æŠ€è¡“ä¸å¥½åƒèµ·ä¾†ä¸¦æ²’æœ‰å¾ˆå¥½çš„é«”é©—ï¼Œä½†é€™çœŸçš„å¾ˆå¥½åƒï¼è»Ÿå«©ä¸”è€Œä¸”å¾ˆé¦™ï¼Œé…ä¸Šé›è‚‰å’–å“©çš„å‘³é“æ›´æ˜¯é£Ÿæ…¾å¤§é–‹ï¼è€Œæ¹¯å“æ˜¯è‡é¡çš„å‘³å™Œæ¹¯ï¼Œèˆ‡ä¸€èˆ¬çš„å‘³å¢å–èµ·ä¾†ä¸åŒï¼Œæ¿ƒéƒçš„é¦™å‘³åœ¨å–å®Œå¾Œçš„é¤˜éŸ»è®“äººå¾ˆæƒ³çºŒç¢—ğŸ‘é€™é–“åº—ä¹‹å‰æˆ‘æ›¾æ¨™è¨˜æƒ³å»çš„åº—å®¶ï¼Œä½†é²é²æ²’æœ‰ç©ºç‰¹åˆ¥å‰å¾€å˜—è©¦ï¼Œå¹¾å¤©å‰å› ç‚ºå·¥ä½œæå‰çµæŸé †é“å‰å¾€ï¼Œä¸‹åˆç´„4é»å·¦å³å‰›å¥½åº—å…§æ²’ä»€éº¼å®¢äººï¼Œä¸éè½åˆ°æœ‰å¹¾çµ„å®¢äººå‰ä¾†é å®šæ™šä¸Šçš„ä½å­ï¼Œæˆ‘æƒ³æˆ‘è¦æ˜¯æ™šäº›æ™‚é–“ä¾†å¯èƒ½å°±æ²’æœ‰ä½å­äº†ä¹Ÿèªªä¸å®šğŸ˜‚å¾ˆæ£’çš„ç”¨é¤é«”é©—ï¼Œä¸‹æ¬¡æœƒå†å‰å¾€å˜—è©¦å…¶ä»–çš„èœå“ğŸ‘,å‹åˆ©æ´‹é£Ÿ,ChIJFUD2uM2rQjQRnjn-N2UsCbA,4.8
Moon Forrest,5.0,"I like soup, so I especially like this kind of restaurant. I ordered the classic beef stew, minced pork stew with cream cheese and honey pumpkin soup. Paired with the main food chestnut rice, salad and tamagoyaki tofu are also good.",3 months ago,https://www.google.com/maps/contrib/108917113086676002077/reviews?hl=en-US&sa=X&ved=2ahUKEwi_v97rp7v5AhXTLEQIHZ5uDwEQvfQBegQIARBm,æˆ‘å–œæ­¡å–æ¹¯ï¼Œæ‰€ä»¥ç‰¹åˆ¥å–œæ­¡é€™ç¨®åº—ï¼Œé»äº†ç¶“å…¸ç‰›è‚‰ç‡‰æ¹¯ï¼Œå¥¶æ²¹èµ·å¸ç¢è±¬è‚‰ç‡‰æ¹¯é‚„æœ‰èœ‚èœœå—ç“œæ¹¯éƒ½å¥½å–å”· é…ä¸Šä¸»é£Ÿæ —å­é£¯ï¼Œæ²™æ‹‰è·Ÿç‰å­ç‡’è±†è…ä¹Ÿéƒ½ä¸éŒ¯ã€‚,å°æ¹¯çƒ æ¹¯å°ˆé–€åº—,ChIJw__PrcerQjQRR68o5dQYYbg,4.4
æ´ªè¨±æ·‘çœŸ,4.0,good food,20 hours ago,https://www.google.com/maps/contrib/115997483460135451590/reviews?hl=en-US&sa=X&ved=2ahUKEwjhtoLqp7v5AhVZDkQIHZccAwEQvfQBegQIARA6,é¤é»ä¸éŒ¯åƒ,Solo Pasta,ChIJwQPcmc-rQjQRtXDQA__PPwg,4.6
Mildred Lee,5.0,"The seasoning of the curry personally feels that the ginger taste is too strong and I don't like it very much. Paired with fried filet mignon, the meat is very tender! It's delicious and I like it! The mushroom flavor of the soup is distinct, which is different from the miso soup in the previous impression, and it is delicious! My boyfriend didn't dare to eat oysters, so he swallowed all 3 oysters, crispy on the outside and tender on the inside, very, very delicious. (The only suggestion is that the air-conditioning temperature is not enough, it will feel a little stuffy in the afternoon meal in summer)",2 weeks ago,https://www.google.com/maps/contrib/108753925920125698481/reviews?hl=en-US&sa=X&ved=2ahUKEwi21Jnsp7v5AhV9LUQIHQCUBnsQvfQBegQIARAb,å’–å“©çš„èª¿å‘³å€‹äººè¦ºå¾—è–‘å‘³å¤ªé‡æ²’æœ‰å¾ˆå–œæ­¡ã€‚æ­é…çš„æ˜¯ç‚¸è²åŠ›ç‰›ï¼Œè‚‰å“æ»¿åˆ†éå¸¸å«©ï¼å¾ˆå¥½åƒå¾ˆå–œæ­¡ï¼æ¹¯çš„è‡å‘³é®®æ˜ï¼Œèˆ‡ä»¥å¾€å°è±¡è£¡çš„å‘³å¢æ¹¯æœ‰æ‰€ä¸åŒï¼Œæ˜¯å¥½å–çš„ï¼ç”·å‹ä¸æ•¢åƒç‰¡è £ï¼Œæ–¼æ˜¯3ç²’å…¨åä¸‹è‚šï¼Œå¤–é…¥å…§å«©éå¸¸éå¸¸ç¾å‘³ã€‚ï¼ˆå”¯ä¸€å”¯ä¸€å»ºè­°å†·æ°£æº«åº¦ä¸å¤ ï¼Œåœ¨å¤å­£çš„ä¸‹åˆç”¨é¤è£¡æœƒè¦ºå¾—ç¨å¾®æ‚¶ç†±ï¼‰,å‹åˆ©æ´‹é£Ÿ,ChIJFUD2uM2rQjQRnjn-N2UsCbA,4.8
Lin Matt,2.0,"Is this a famous shop? Finally I heard that there is a shop that is 30 mins instead of 60 or 90 mins, and the ramen shop does not have an outlet like you said. It is recommended not to open the booking service You agree to book a seat, and you also arrange for a seat. Just sat down and said that you only have 30mins meal time. And I obviously feel that I want to urge to order immediately. The whole meal experience is very poor before the meal arrives. It can be seen that our reaction is not really only eating for 30mins. Finally, please arrange the guest location area next time, don't tie the knot",2 weeks ago,https://www.google.com/maps/contrib/113212512524380136474/reviews?hl=en-US&sa=X&ved=2ahUKEwjSi-Tsp7v5AhX-LEQIHTaDBIoQvfQBegQIARAZ,"é€™æ˜¯é–“å¾ˆæœ‰åçš„åº—ï¼Ÿ çµ‚æ–¼è½åˆ°æœ‰é–“åº—æ˜¯30 ä¸¦é60 or 90 mins, æ‹‰éºµåº—éƒ½æ²’æ‚¨å€‘é€™æ¨£è¬›çš„å‡ºå£ã€‚ å»ºè­°ä¸è¦é–‹æ”¾é è¨‚æœå‹™ è¨‚äº†ä½ä¹Ÿæ˜¯æ‚¨å€‘åŒæ„ï¼Œå…¥åº§ä¹Ÿæ‚¨å€‘å®‰æ’ï¼Œ æ‰å°±åå°±èªªæ‚¨å€‘åªæœ‰30mins ç”¨é¤æ™‚é–“. ä¸¦æ˜é¡¯æ„Ÿå—åˆ°æƒ³å‚¬ä¿ƒç«‹åˆ»é»é¤ï¼Œé¤æœªåˆ°å°±æ•´å€‹ç”¨é¤æ„Ÿå—æ¥µå·®ï¼Œçœ‹å‡ºæˆ‘å€‘åæ‡‰æ‰æ²’æœ‰çœŸçš„åªç”¨é¤30minsã€‚ æœ€å¾Œè«‹æ‚¨å€‘ä¸‹æ¬¡è«‹æ’å¥½å®¢äººä½ç½®å€ï¼Œä¸è¦æ‰“çµäº†",å‹åˆ©æ´‹é£Ÿ,ChIJFUD2uM2rQjQRnjn-N2UsCbA,4.8
Chien Kung,5.0,"Every soup is authentic. The focaccia bread has just the right aroma, crispy on the outside and soft on the inside, making it suitable for soups. The dried tofu is marinated and the taste is solid. The udon noodles are smooth and smooth.",a week ago,https://www.google.com/maps/contrib/115694954053405183297/reviews?hl=en-US&sa=X&ved=2ahUKEwjhtfbpp7v5AhUcLEQIHRuaBHsQvfQBegUIARCXAQ,æ¯ç¨®æ¹¯éƒ½çœŸæå¯¦æ–™ã€‚ä½›å¡å¤éºµåŒ…é¦™æ°£å‰›å¥½ï¼Œå¤–é…¥å…§è»Ÿï¼Œé©åˆæ­é…æ¿ƒæ¹¯ã€‚è±†å¹²æ»·å¾—å…¥å‘³ï¼Œå£æ„Ÿä¹Ÿç´®å¯¦ã€‚çƒé¾éºµæ»‘é †Qå½ˆã€‚,å°æ¹¯çƒ æ¹¯å°ˆé–€åº—,ChIJw__PrcerQjQRR68o5dQYYbg,4.4
NewSensation Studio,5.0,Delicious and delicious fried steak Return to the curry taste of a Japanese restaurant in a second,6 days ago,https://www.google.com/maps/contrib/114994548002700148406/reviews?hl=en-US&sa=X&ved=2ahUKEwjQ3pLrp7v5AhX4BEQIHXI8BlAQvfQBegQIARAZ,ç‚¸ç‰›æ’ç¥ä»™ç¾å‘³ ä¸€ç§’å›åˆ°æ—¥æœ¬æ´‹é£Ÿé¤¨çš„å’–å“©å£å‘³,å‹åˆ©æ´‹é£Ÿ,ChIJFUD2uM2rQjQRnjn-N2UsCbA,4.8
1 J,4.0,"The pasta (duck breast) is really good, the tiramisu tastes a little heavy but delicious, the cheese and cheese rolls are also very good, but other things are very ordinary, such as the dry and hard bread (the delicious ones should be crispy on the outside and soft on the inside). ), the anchovy balls in the fried seafood feel almost just flour, and the baked tripe is quite satisfactory..",a week ago,https://www.google.com/maps/contrib/110542997286481477230/reviews?hl=en-US&sa=X&ved=2ahUKEwiNkbvrp7v5AhW9D0QIHVSiCk8QvfQBegQIARBb,ç¾©å¤§åˆ©éºµï¼ˆé´¨èƒ¸ï¼‰ç¢ºå¯¦ä¸éŒ¯ï¼Œææ‹‰ç±³è˜‡é…’å‘³ç¨é‡ä½†å¥½åƒï¼Œå¥¶é…ªè·Ÿèµ·å¸æ²ä¹Ÿå¾ˆä¸éŒ¯ï¼Œä½†å…¶ä»–æ±è¥¿å°±å¾ˆæ™®é€šï¼Œä¾‹å¦‚éºµåŒ…ä¹¾ç¡¬ï¼ˆå¥½åƒçš„è¦å¤–é…¥å…§è»Ÿï¼‰ï¼Œç‚¸æµ·é®®è£¡çš„é¯·é­šä¸¸æ„Ÿè¦ºå¹¾ä¹åªæ˜¯éºµç²‰ï¼Œç„—ç‰›è‚šå‰‡ä¸­è¦ä¸­çŸ©..,Solo Pasta,ChIJwQPcmc-rQjQRtXDQA__PPwg,4.6
æå»ºç¶±,5.0,"The curry is delicious, the soup is really delicious, and the sandwiches are delicious too! recommend! !",a week ago,https://www.google.com/maps/contrib/108218858281299194145/reviews?hl=en-US&sa=X&ved=2ahUKEwjQ3pLrp7v5AhX4BEQIHXI8BlAQvfQBegUIARClAQ,å’–å–±å¾ˆç¾å‘³ï¼Œæ¹¯çœŸçš„è¶…å¥½å–ï¼Œä¸‰æ˜æ²»ä¹Ÿå¥½åƒå–”ï¼æ¨è–¦ï¼ï¼,å‹åˆ©æ´‹é£Ÿ,ChIJFUD2uM2rQjQRnjn-N2UsCbA,4.8
Anne,3.0,"Meals: The performance of the meals are all above the standard, some of them are quite excellent, the pumpkin soup is very rich and layered, the cuttlefish noodle sauce is rich but not greasy, the octopus looks simple but completely retains the sweetness of the ingredients, and the seasoning is more fresh. taste. In the pasta part, the cuttlefish sauce is thick and fragrant; the meat sauce has many flavor-enhancing ingredients, and the layers are very rich. However, the thin noodles are cooked softer, and the wide noodles have a moderate taste. Personally, I prefer the firmness of the wide noodles. I ordered white truffle stewed egg and balsamic vinegar duck breast spaghetti more in the second visit. Both of them are amazingly delicious. The cheese roll for dessert is very special, with varied taste and rich cheese layers. Recommended~ Serve: The service attitude is very good, they introduce the meals very seriously, and they will respond immediately if you have any needs, but the food is served quickly, and you can eat in a hurry. Three visit update: Beef stew bread is ordinary The truffle taste of black truffle pancakes is super cheap and a bit scary The cat's ears are delicious, but the seasoning is very ordinary. I don't know why it's so red. It's not particularly outstanding. For the service part, the first time I sat on the side without the male clerk, the service was so bad that I couldn't understand it. I sat down for ten minutes and didn't get the menu. Three minutes after the menu was called, I kept coming over to ask if I wanted to order == down to samsung",a week ago,https://www.google.com/maps/contrib/111467921920866121056/reviews?hl=en-US&sa=X&ved=2ahUKEwiNkbvrp7v5AhW9D0QIHVSiCk8QvfQBegQIARBy,é¤é»ï¼š é¤é»çš„è¡¨ç¾éƒ½è¶…ä¹æ°´æº–ï¼Œæœ‰å¹¾é“ç›¸ç•¶å„ªç§€ï¼Œå—ç“œæ¿ƒæ¹¯å‘³é“å¾ˆè±å¯Œæœ‰å±¤æ¬¡ï¼Œå¢¨é­šéºµé†¬æ±æ¿ƒéƒå»ä¸è†©å£ï¼Œç« é­šçœ‹ä¼¼ç°¡å–®ä½†å®Œæ•´ä¿ç•™é£Ÿæç”œå‘³ï¼Œèª¿å‘³ä¸Šæ›´æå‡ºé®®å‘³ã€‚ç¾©å¤§åˆ©éºµéƒ¨åˆ†ï¼Œå¢¨é­šé†¬æ±æ¿ƒåšç¨‹åº¦å‰›å¥½ï¼Œé¦™æ°£æ’²é¼»ï¼›è‚‰é†¬å‰‡åŠ å…¥è¨±å¤šæå‘³æˆåˆ†ï¼Œå±¤æ¬¡éå¸¸è±å¯Œã€‚ä½†ç´°éºµç…®å¾—æ¯”è¼ƒè»Ÿï¼Œå¯¬éºµå£æ„Ÿå‰‡è¼ƒç‚ºé©ä¸­ï¼Œå€‹äººæ¯”è¼ƒåæ„›å¯¬éºµçš„ç¡¬åº¦ã€‚ äºŒè¨ªå¤šé»äº†ç™½æ¾éœ²ç‡‰è›‹é‚„æœ‰å·´è–©ç±³å…‹é†‹é´¨èƒ¸ç¾©å¤§åˆ©éºµï¼Œå…©è€…éƒ½æ˜¯ä»¤äººé©šè±”çš„å¥½åƒï¼Œç”œé»çš„èµ·å¸æ²å¾ˆç‰¹åˆ¥ï¼Œå£æ„Ÿå¤šè®Šèµ·å¸å±¤æ¬¡è±å¯Œï¼Œæ¨è–¦ï½ æœå‹™ï¼š æœå‹™æ…‹åº¦æŒºå¥½ï¼Œå¾ˆèªçœŸä»‹ç´¹é¤é»ï¼Œæœ‰ä»»ä½•éœ€æ±‚ä¹Ÿæœƒå³æ™‚å›æ‡‰ï¼ŒæƒŸä¸Šèœé€Ÿåº¦é£›å¿«ï¼Œåƒå¾—æ¯”è¼ƒè¶•ã€‚ ä¸‰è¨ªæ›´æ–°ï¼š ç‡‰ç‰›è‚‰çš„éºµåŒ…å¾ˆæ™®é€š é»‘æ¾éœ²ç…é¤…çš„æ¾éœ²å‘³é“è¶…ç´šå»‰åƒ¹ æœ‰é»ææ€– è²“è€³æœµéºµéºµé«”å¥½åƒ ä½†èª¿å‘³å¾ˆæ™®é€š ä¸çŸ¥é“ç‚ºä»€éº¼é‚£éº¼ç´… æ²’æœ‰ç‰¹åˆ¥å‡ºå½© æœå‹™çš„éƒ¨åˆ†ï¼Œç¬¬ä¸€æ¬¡ååˆ°æ²’æœ‰ç”·åº—å“¡çš„é€™ä¸€å´ï¼Œæœå‹™ç³Ÿç³•åˆ°é›£ä»¥ç†è§£ï¼Œåä¸‹ä¾†ååˆ†é˜é‚„æ²’ä¸Šèœå–®ï¼Œå«ä¾†èœå–®ä¹‹å¾Œä¸‰åˆ†é˜å°±ä¸€ç›´éä¾†å•è¦ä¸è¦é»é¤== é™åˆ°ä¸‰æ˜Ÿ,Solo Pasta,ChIJwQPcmc-rQjQRtXDQA__PPwg,4.6
å³éµ¬é£›,5.0,"8/1 to dine in store Service: Good, will take the initiative to ask about the taste of the meal and the order of the meal, and remind the preparation time. diet: The appetizer - Stewed Egg with White Truffle and Cream (RMB 280) is an excellent meal. The combination of White Truffle and Stewed Egg with Cream is very fragrant. You can feel the deliciousness of the two when you eat it with bread, but I hope the bread can be replaced with a more European style. hard lunch packs. Main dish - cat ears noodles (300 yuan): a very distinctive noodle style, the cat ears are cooked with chewy, with peeled sausage and cauliflower, the overall is salty, but delicious. Beverage-Royal Wedding Song Tea (220RMB): The most satisfying diet this time, pure tea and fresh milk are two different tea drinks, and they taste quite layered, with a bit of cream and grass aroma. Dessert - Tiramisu (RMB 140): Tiramisu is of high quality, and it falls to the ground. Finger biscuits and mascarpone cheese soaked in coffee wine are used. The wine has a strong aroma and is delicious. price: The overall price is a little high, but the feeling is quite good, very suitable for friends and family dinner.",a week ago,https://www.google.com/maps/contrib/103223899080478146992/reviews?hl=en-US&sa=X&ved=2ahUKEwiNkbvrp7v5AhW9D0QIHVSiCk8QvfQBegQIARAC,8/1 è‡³åº—ä¸Šç”¨é¤ æœå‹™ï¼šè‰¯å¥½ï¼Œæœƒä¸»å‹•è©¢å•é¤é»å£å‘³ä»¥åŠä¸Šé¤é †åºï¼Œä¸¦æé†’æº–å‚™æ™‚é–“ã€‚ é£²é£Ÿï¼š å‰èœ-ç™½æ¾éœ²å¥¶æ²¹ç‡‰è›‹ï¼ˆ280å…ƒï¼‰è¡¨ç¾ç›¸ç•¶å„ªç•°çš„é¤é»ï¼Œç™½æ¾éœ²èˆ‡å¥¶æ²¹ç‡‰è›‹çš„æ­é…éå¸¸é¦™ï¼Œèˆ‡éºµåŒ…ä¸€èµ·é£Ÿç”¨å¯ä»¥æ„Ÿå—å¾—åˆ°å…©è€…äº¤èçš„ç¾å‘³ï¼Œä½†å¸Œæœ›éºµåŒ…å¯ä»¥æ›æˆè¼ƒç‚ºæ­å¼çš„ç¡¬é¤åŒ…ã€‚ ä¸»é£Ÿ-è²“è€³æœµéºµï¼ˆ300å…ƒï¼‰ï¼šå¾ˆæœ‰ç‰¹è‰²çš„éºµæ¬¾ï¼Œè²“è€³æœµç…®å¾—å¸¶æœ‰åš¼å‹ï¼Œæ­é…è„«çš®çš„é¦™è…¸èˆ‡èŠ±æ¤°èœï¼Œæ•´é«”åé¹¹ï¼Œä½†å¾ˆç¾å‘³ã€‚ é£²æ–™-çš‡å®¶çµå©šæ›²èŒ¶ï¼ˆ220å…ƒï¼‰ï¼šæœ¬æ¬¡æœ€æ»¿æ„çš„é£²é£Ÿï¼Œç´”èŒ¶èˆ‡åŠ äº†é®®å¥¶ä¹‹å¾Œæ˜¯å…©ç¨®ä¸åŒèŒ¶é£²ï¼Œä¸”å–èµ·ä¾†ç›¸ç•¶æœ‰å±¤æ¬¡ï¼Œå¸¶é»å¥¶æ²¹èˆ‡é’è‰é¦™æ°£ã€‚ ç”œé»-ææ‹‰ç±³è˜‡ï¼ˆ140å…ƒï¼‰ï¼šè¡¨ç¾å„ªè³ªçš„ææ‹‰ç±³è˜‡ï¼Œä¸”ååˆ†å€’åœ°ï¼Œä½¿ç”¨äº†æ³¡éå’–å•¡é…’æ°´æ¶²çš„æ‰‹æŒ‡é¤…ä¹¾èˆ‡é¦¬æ–¯å¡å½­ä¹³é…ªï¼Œé…’é¦™è¼ƒç‚ºæ¿ƒåšï¼Œå¾ˆå¥½åƒã€‚ åƒ¹æ ¼ï¼š æ•´é«”åƒ¹æ ¼ç•¥é«˜ï¼Œä½†æ„Ÿå—ç›¸ç•¶è‰¯å¥½ï¼Œå¾ˆé©åˆæœ‹å‹å®¶äººèšé¤ã€‚,Solo Pasta,ChIJwQPcmc-rQjQRtXDQA__PPwg,4.6
Wendy W (Wooglelocalguide),5.0,"There are not many small shops in the east area, and the price is very close to the people The curry taste is very special and delicious Fried oysters and fried chicken are delicious The meat of the sandwich is good, but I personally feel that the gravy is soft on the toast, so I don't recommend it so much",a day ago,https://www.google.com/maps/contrib/101817097303403201691/reviews?hl=en-US&sa=X&ved=2ahUKEwjWsKzqp7v5AhUoLkQIHdSqCgcQvfQBegQIARBu,æ±å€å°åº—ä½ç½®ä¸å¤šï¼Œåƒ¹æ ¼å¾ˆè¦ªæ°‘ å’–å–±çš„å‘³é“å¾ˆç‰¹åˆ¥è »å¥½åƒçš„ ç‚¸ç‰¡è £å’Œç‚¸é›å¾ˆå¥½åƒ ä¸‰æ˜æ²»çš„è‚‰å¾ˆå¥½ä½†å€‹äººè¦ºå¾—è‚‰æ±æ²¾åˆ°åå¸è»Ÿæ‰ï¼Œæ‰€ä»¥æ²’é‚£éº¼æ¨è–¦,å‹åˆ©æ´‹é£Ÿ,ChIJFUD2uM2rQjQRnjn-N2UsCbA,4.8
Jessica Huang,5.0,"In fact, this is the second visit~ Because I have never been to ItalyğŸ˜†, I can't comment on the taste, but the store emphasizes that they attach great importance to tradition, which should be very authentic! Although the taste may not be very suitable for personal eating habits, but it definitely reflects the attention of the restaurant in cooking! (I just don't like meat-based food, so this time my favorite is basil green sauce noodles, tea and tiramisu) The shop assistants are also very kind! I have eaten duck breast noodles and cat ear noodles before, which should be considered meaty dishes~ Cheese roll is a dish I have never seen! It is also a taste I have never imagined. It has a citrus flavor in the middle and a ghee on the outer skin. If you have never tasted it, you can try it! Although I prefer tiramisu. Tiramisu rum (? strong flavor",a week ago,https://www.google.com/maps/contrib/115867495644593760436/reviews?hl=en-US&sa=X&ved=2ahUKEwj52ofsp7v5AhX-KkQIHVh3AcMQvfQBegQIARAC,å…¶å¯¦æ˜¯äºŒè¨ªäº†ï½å› ç‚ºæ²’å»éç¾©å¤§åˆ©ğŸ˜†æ‰€ä»¥æ²’è¾¦æ³•è©•è«–å£å‘³å¦‚ä½•ï¼Œä¸éåº—å®¶ç‰¹åˆ¥å¼·èª¿ä»–å€‘é‡è¦–å‚³çµ±ï¼Œæ‡‰è©²å°±æ˜¯å¾ˆé“åœ°! é›–ç„¶å‘³é“ä¸Šä¸ä¸€å®šæœƒå¾ˆåˆå€‹äººçš„é£²é£Ÿç¿’æ…£ï¼Œä½†çµ•å°åƒçš„å‡ºä¾†åº—å®¶åœ¨æ–™ç†ä¸Šçš„ç”¨å¿ƒ!ï¼ˆå‰›å¥½æˆ‘æ¯”è¼ƒä¸å–œæ­¡è‚‰å‘³ç‚ºä¸»çš„é£Ÿç‰©ï¼Œå› æ­¤é€™æ¬¡æœ€å–œæ­¡çš„æ˜¯ç¾…å‹’é’é†¬éºµã€èŒ¶å’Œææ‹‰ç±³è˜‡ï¼‰ åº—å“¡ä¹Ÿéƒ½æ»¿è¦ªåˆ‡çš„! ä¹‹å‰æœ‰é»éé´¨èƒ¸éºµè·Ÿè²“è€³æœµéºµï¼Œæ‡‰è©²ä¹Ÿç®—æ˜¯è‚‰å‘³è¼ƒé‡çš„æ–™ç†ï½ èµ·å¸æ²å‰‡æ˜¯æˆ‘å¾ä¾†æ²’çœ‹éçš„æ–™ç†! ä¹Ÿæ˜¯æˆ‘å¾ä¾†æ²’æƒ³åƒéçš„å‘³é“ï¼Œä¸­é–“æœ‰æŸ‘æ©˜å‘³ã€å¤–çš®æœ‰é…¥æ²¹æ„Ÿï¼Œæ²’æœ‰åƒéæ„Ÿè¦ºå¯ä»¥è©¦è©¦çœ‹! é›–ç„¶é‚„æ˜¯æ›´æ¨ææ‹‰ç±³è˜‡ã€‚ææ‹‰ç±³è˜‡çš„è˜­å§†é…’(?å‘³é“å¾ˆæ¿ƒ,Solo Pasta,ChIJwQPcmc-rQjQRtXDQA__PPwg,4.6
ç‹å­œç¶­,5.0,The sandwiches are great as is the curry,a week ago,https://www.google.com/maps/contrib/117967840966424892646/reviews?hl=en-US&sa=X&ved=2ahUKEwjQ3pLrp7v5AhX4BEQIHXI8BlAQvfQBegUIARC8AQ,ä¸‰æ˜æ²»å¾ˆæ£’ å’–å–±ä¹Ÿå¥½åƒ,å‹åˆ©æ´‹é£Ÿ,ChIJFUD2uM2rQjQRnjn-N2UsCbA,4.8
108 118è³´è‚²ä¿¡,5.0,I like the texture and taste of the curry minced meat sauce Perfect with cheese beef balls,2 weeks ago,https://www.google.com/maps/contrib/101365564703557951442/reviews?hl=en-US&sa=X&ved=2ahUKEwi21Jnsp7v5AhV9LUQIHQCUBnsQvfQBegQIARBN,å’–å“©è‚‰æœ«é†¬çš„å£æ„Ÿè·Ÿå‘³é“éƒ½å¾ˆå–œæ­¡ åŠ ä¸Šèµ·å¸ç‰›è‚‰ä¸¸ çµ•é…,å‹åˆ©æ´‹é£Ÿ,ChIJFUD2uM2rQjQRnjn-N2UsCbA,4.8
æåœ‹èª ,4.0,dumplings are big The gravy is also delicious,a week ago,https://www.google.com/maps/contrib/115720513078153770065/reviews?hl=en-US&sa=X&ved=2ahUKEwjrzuXqp7v5AhV_KEQIHVEWCJ0QvfQBegQIARAC,æ°´é¤ƒå¾ˆå¤§é¡† æ»·å‘³ä¹Ÿå¥½åƒ,å—æ¸¯åŒ—å¤§è’æ°´é¤ƒåº—,ChIJv4dK1lirQjQRTurkPAZOiqA,3.8
Stanley Lin,5.0,"20222.07 changed the name of the store, and there is a new menu of udon noodles, which is super delicious, the soup tastes very good, and there is a choice of two sauces, scallion sauce or pepper and spicy sauce, I like it very much! A shop I love very much. It uses solid ingredients. Every day, I continue to work hard to cook all kinds of delicious soups. I will order a set meal and enjoy two kinds of soups at a time. I have almost drank all the menus for one round. Love their classic beef stew and thick shrimp soup, the beef soup is tomato base, the beef stew is tender and chunky, with asparagus, peas, cheese, it's really rich, and when you want something refreshing Just pair it with witch soup. There are different vegetarian soups every day, and there are often surprises. The creamy porcini mushroom soup is a piece of chicken thigh. There are really foods that the store is so willing to make, and there are also cream or tomato flavors. The meat sauce soup, the point is that the dining environment is very good, it is a good place to eat and chat with friends, I really recommend it to everyone. By the way, lemon egg salad is super suitable for summer, refreshing and greasy, with almond slices on top!",a week ago,https://www.google.com/maps/contrib/110357195224772641551/reviews?hl=en-US&sa=X&ved=2ahUKEwjokbXqp7v5AhUNLEQIHXUVC_MQvfQBegQIARAZ,20222.07æ›äº†åº—åï¼Œç«Ÿç„¶æœ‰æ–°èœå–®çƒé¾éºµï¼Œè¶…ç´šå¥½åƒï¼Œæ¹¯é ­çš„å‘³é“å¾ˆä¸éŒ¯ï¼Œé‚„æœ‰é™„æ²¾é†¬äºŒé¸ä¸€ï¼Œè”¥æ²¹é†¬æˆ–æ˜¯æ¤’éº»è¾£é†¬ï¼Œéƒ½å¥½è®šå¥½å–œæ­¡ï¼ éå¸¸æ„›çš„ä¸€å®¶åº—ï¼Œç”¨æ–™ç´®å¯¦ï¼Œæ¯å¤©éƒ½æŒçºŒçš„åŠªåŠ›ç†¬ç…®å„ç¨®å¥½å–çš„æ¹¯å“ï¼Œéƒ½æœƒé»å¥—é¤ä¸€æ¬¡äº«ç”¨å…©ç¨®æ¹¯å“ï¼Œå¹¾ä¹æŠŠèœå–®éƒ½å–éä¸€è¼ªäº†ï¼Œç®—æ˜¯éå¸¸ä¹…çš„é¡§å®¢ï¼Œæœ€å–œæ­¡ä»–å€‘çš„ç¶“å…¸ç‰›è‚‰ç‡‰æ¹¯å’Œæ¿ƒè¦æ¹¯ï¼Œç‰›è‚‰æ¹¯æ˜¯ç•ªèŒ„åŸºåº•ï¼Œç‰›è‚‰ç‡‰çš„è»Ÿå«©åˆå¤§å¡Šï¼Œé‚„æœ‰è˜†ç­ã€è±Œè±†ã€èµ·å¸ï¼Œå–èµ·ä¾†çœŸçš„å¾ˆè±å¯Œï¼Œå¦å¤–æƒ³è¦æ¸…çˆ½ä¸€é»çš„æ™‚å€™å°±æ­é…å·«å©†æ¹¯ï¼Œæ¯å¤©éƒ½ä¸åŒçš„ç´ æ¹¯ï¼Œå¸¸å¸¸æœƒæœ‰é©šå–œçš„æ­é…ï¼Œå¥¶æ²¹ç‰›è‚èŒè‡æ¹¯ï¼Œæ˜¯ä¸€å¡Šå¡Šçš„é›è…¿è‚‰ï¼ŒçœŸçš„æœ‰åº—å®¶é€™éº¼é¡˜æ„åšå¥½çš„é£Ÿç‰©ï¼Œä¹Ÿæœ‰å¥¶æ²¹æˆ–æ˜¯è•ƒèŒ„å£å‘³çš„è‚‰é†¬æ¹¯ï¼Œé‡é»æ˜¯ç”¨é¤ç’°å¢ƒå¾ˆä¸éŒ¯ï¼Œæ˜¯å’Œæœ‹å‹åƒé£¯èŠå¤©çš„å¥½åœ°æ–¹ï¼ŒçœŸå¿ƒæ¨è–¦çµ¦å¤§å®¶ã€‚å°äº†ï¼Œå¤å¤©åƒæª¸æª¬è›‹æ²™æ‹‰è¶…ç´šé©åˆï¼Œæ¸…çˆ½åˆè§£è†©ï¼Œä¸Šé ­é‚„æœ‰æä»ç‰‡ï¼,å°æ¹¯çƒ æ¹¯å°ˆé–€åº—,ChIJw__PrcerQjQRR68o5dQYYbg,4.4
Emma Chen,5.0,"Oxtail noodles are a must order every time you come! The egg yolk noodles are very fragrant, and the stewed eggs are amazing! Tiramisu is really delicious",a week ago,https://www.google.com/maps/contrib/114919510642637732515/reviews?hl=en-US&sa=X&ved=2ahUKEwj52ofsp7v5AhX-KkQIHVh3AcMQvfQBegQIARAg,ç‰›å°¾éºµæ¯æ¬¡ä¾†å¿…é»ï¼è›‹é»ƒéºµå¾ˆé¦™ï¼Œç‡‰è›‹éå¸¸é©šè‰·ï¼ææ‹‰ç±³è˜‡çœŸçš„å¥½åƒåˆ°é£›å¤©,Solo Pasta,ChIJwQPcmc-rQjQRtXDQA__PPwg,4.6
iu l,5.0,Delicious and delicious ğŸ¤¤,a week ago,https://www.google.com/maps/contrib/111901647759318506754/reviews?hl=en-US&sa=X&ved=2ahUKEwjQ3pLrp7v5AhX4BEQIHXI8BlAQvfQBegQIARBe,å¥½åƒå¥½åƒğŸ¤¤,å‹åˆ©æ´‹é£Ÿ,ChIJFUD2uM2rQjQRnjn-N2UsCbA,4.8
ç·¯,5.0,"Miso soup is delicious, fried beef filet is very tender and delicious",3 days ago,https://www.google.com/maps/contrib/118142467838326425331/reviews?hl=en-US&sa=X&ved=2ahUKEwjWsKzqp7v5AhUoLkQIHdSqCgcQvfQBegUIARCPAQ,å‘³å¢æ¹¯å¥½å– ç‚¸ç‰›è²åŠ›å¾ˆå«©å¾ˆå¥½åƒ,å‹åˆ©æ´‹é£Ÿ,ChIJFUD2uM2rQjQRnjn-N2UsCbA,4.8
Felicia,4.0,"2022/07 The soup is delicious, the items are different every day Chili Magan Oolong Recommended for those who like spicy food Dried bean curd is also delicious",3 weeks ago,https://www.google.com/maps/contrib/101264443044022096418/reviews?hl=en-US&sa=X&ved=2ahUKEwjokbXqp7v5AhUNLEQIHXUVC_MQvfQBegQIARBf,2022/07 æ¹¯å¾ˆå¥½å–ï¼Œæ¯å¤©ä¾›æ‡‰çš„å“é …ä¸ä¸€æ¨£ æ¤’éº»ä¹¾çƒé¾æ¨è–¦å–œæ­¡åƒè¾£çš„ å°èœè±†ä¹¾ä¹Ÿå¾ˆå…¥å‘³,å°æ¹¯çƒ æ¹¯å°ˆé–€åº—,ChIJw__PrcerQjQRR68o5dQYYbg,4.4
IMP Matthew,1.0,"After six o'clock, two pastas and one roast vegetables, and at half past six, the meal is still not served. The point is that there are two tables next to us who are 10 minutes or 20 minutes behind us. Asked the waiter and told us that our noodles are cooked from raw so it takes a long time, and then it will be served after 2 minutes. So the mobile phone didn't bring anything after 2 minutes, so I had to leave decisively. I guess their noodles may still be growing in the fields waiting to be harvested.",a week ago,https://www.google.com/maps/contrib/117611657975336281872/reviews?hl=en-US&sa=X&ved=2ahUKEwiNkbvrp7v5AhW9D0QIHVSiCk8QvfQBegUIARC9AQ,å…­é»é»å®Œé¤ï¼Œå…©ä»½ç¾©å¤§åˆ©éºµå’Œä¸€ä»½çƒ¤è”¬èœï¼Œåˆ°äº†å…­é»åŠé¤éƒ½é‚„æ²’ä¸Šã€‚é‡é»æ˜¯æ—é‚Šæœ‰å…©æ¡Œæ¯”æˆ‘å€‘æ…¢åˆ°10åˆ†é˜ã€20åˆ†é˜çš„å®¢äººï¼Œä»–å€‘é»çš„é¤éƒ½å·²ç¶“ä¸Šäº†ï¼Œè¦å­éƒ½åƒå®Œäº†ã€‚è©¢å•æœå‹™äººå“¡ï¼Œå‘ŠçŸ¥æˆ‘å€‘çš„éºµæ˜¯å¾ç”Ÿçš„é–‹å§‹ç…®æ‰€ä»¥æ¯”è¼ƒä¹…ï¼Œç„¶å¾Œ2åˆ†é˜å¾Œå°±ä¸Šèœã€‚æ–¼æ˜¯æ‰‹æ©Ÿè¨ˆæ™‚2åˆ†é˜é‚„æ²’ç«¯æ±è¥¿ä¸Šä¾†ï¼Œåªå¥½æœæ–·é›¢é–‹ï¼Œæˆ‘çŒœä»–å€‘çš„éºµå¯èƒ½é‚„é•·åœ¨ç”°è£¡ç­‰æ”¶å‰²å§ã€‚,Solo Pasta,ChIJwQPcmc-rQjQRtXDQA__PPwg,4.6
