Unnamed: 0,sentence,index,length,time,rating,word_seg,pos,dependency_parse
0,酸辣湯是酸甜口感,1,8,1年前,3,"['酸辣湯', '是', '酸甜', '口感']","[(0, 'root root'), (1, '酸辣湯 Na'), (2, '是 SHI'), (3, '酸甜 VH'), (4, '口感 Na')]","[('2 - 是 SHI', '1 - 酸辣湯 Na', 'amod'), ('0 - root root', '2 - 是 SHI', 'root'), ('4 - 口感 Na', '3 - 酸甜 VH', 'amod'), ('2 - 是 SHI', '4 - 口感 Na', 'attr')]"
1,牛肉湯麵的湯有點太鹹了,1,11,1年前,3,"['牛肉湯麵', '的', '湯', '有點', '太', '鹹', '了']","[(0, 'root root'), (1, '牛肉湯麵 Na'), (2, '的 DE'), (3, '湯 Na'), (4, '有點 Dfa'), (5, '太 Dfa'), (6, '鹹 VH'), (7, '了 T')]","[('6 - 鹹 VH', '1 - 牛肉湯麵 Na', 'nn'), ('4 - 有點 Dfa', '2 - 的 DE', 'assm'), ('6 - 鹹 VH', '3 - 湯 Na', 'nsubj'), ('6 - 鹹 VH', '4 - 有點 Dfa', 'advmod'), ('6 - 鹹 VH', '5 - 太 Dfa', 'advmod'), ('0 - root root', '6 - 鹹 VH', 'root'), ('6 - 鹹 VH', '7 - 了 T', 'asp')]"
2,整體吃起來感覺普普,1,9,1年前,3,"['整體', '吃起來', '感覺', '普普']","[(0, 'root root'), (1, '整體 Na'), (2, '吃起來 D'), (3, '感覺 VK'), (4, '普普 Nb')]","[('2 - 吃起來 D', '1 - 整體 Na', 'nsubj'), ('4 - 普普 Nb', '2 - 吃起來 D', 'dep'), ('4 - 普普 Nb', '3 - 感覺 VK', 'nsubj'), ('0 - root root', '4 - 普普 Nb', 'root')]"
3,喜歡吃帶筋的牛肉的話會是一個好選擇,2,17,2年前,4,"['喜歡', '吃', '帶', '筋', '的', '牛肉', '的話', '會', '是', '一', '個', '好', '選擇']","[(0, 'root root'), (1, '喜歡 VK'), (2, '吃 VC'), (3, '帶 VC'), (4, '筋 Na'), (5, '的 DE'), (6, '牛肉 Na'), (7, '的話 Cba'), (8, '會 D'), (9, '是 SHI'), (10, '一 Neu'), (11, '個 Nf'), (12, '好 VH'), (13, '選擇 VC')]","[('9 - 是 SHI', '1 - 喜歡 VK', 'dep'), ('1 - 喜歡 VK', '2 - 吃 VC', 'ccomp'), ('6 - 牛肉 Na', '3 - 帶 VC', 'rcmod'), ('3 - 帶 VC', '4 - 筋 Na', 'dobj'), ('3 - 帶 VC', '5 - 的 DE', 'cpm'), ('2 - 吃 VC', '6 - 牛肉 Na', 'dobj'), ('1 - 喜歡 VK', '7 - 的話 Cba', 'dep'), ('9 - 是 SHI', '8 - 會 D', 'mmod'), ('0 - root root', '9 - 是 SHI', 'root'), ('11 - 個 Nf', '10 - 一 Neu', 'nummod'), ('13 - 選擇 VC', '11 - 個 Nf', 'clf'), ('13 - 選擇 VC', '12 - 好 VH', 'amod'), ('9 - 是 SHI', '13 - 選擇 VC', 'attr')]"
4,牛肉湯滿清的但口味比較偏鹹一些,2,15,2年前,4,"['牛肉湯', '滿清', '的', '但', '口味', '比較', '偏', '鹹', '一些']","[(0, 'root root'), (1, '牛肉湯 Na'), (2, '滿清 Nb'), (3, '的 DE'), (4, '但 Cbb'), (5, '口味 Na'), (6, '比較 Dfa'), (7, '偏 D'), (8, '鹹 VH'), (9, '一些 Neqa')]","[('2 - 滿清 Nb', '1 - 牛肉湯 Na', 'nn'), ('0 - root root', '2 - 滿清 Nb', 'root'), ('2 - 滿清 Nb', '3 - 的 DE', 'root'), ('8 - 鹹 VH', '4 - 但 Cbb', 'advmod'), ('8 - 鹹 VH', '5 - 口味 Na', 'nsubj'), ('8 - 鹹 VH', '6 - 比較 Dfa', 'advmod'), ('8 - 鹹 VH', '7 - 偏 D', 'advmod'), ('2 - 滿清 Nb', '8 - 鹹 VH', 'conj'), ('8 - 鹹 VH', '9 - 一些 Neqa', 'advmod')]"
5,130元的牛肉麵,3,8,1年前,2,"['130', '元', '的', '牛肉麵']","[(0, 'root root'), (1, '130 Neu'), (2, '元 Nf'), (3, '的 DE'), (4, '牛肉麵 Na')]","[('2 - 元 Nf', '1 - 130 Neu', 'nummod'), ('4 - 牛肉麵 Na', '2 - 元 Nf', 'assmod'), ('2 - 元 Nf', '3 - 的 DE', 'assm'), ('0 - root root', '4 - 牛肉麵 Na', 'root')]"
6,只能說CP值太差,3,8,1年前,2,"['只', '能', '說', 'CP值', '太', '差']","[(0, 'root root'), (1, '只 Da'), (2, '能 D'), (3, '說 VE'), (4, 'CP值 Na'), (5, '太 Dfa'), (6, '差 VH')]","[('3 - 說 VE', '1 - 只 Da', 'advmod'), ('3 - 說 VE', '2 - 能 D', 'mmod'), ('0 - root root', '3 - 說 VE', 'root'), ('6 - 差 VH', '4 - CP值 Na', 'punct'), ('6 - 差 VH', '5 - 太 Dfa', 'advmod'), ('3 - 說 VE', '6 - 差 VH', 'dep')]"
7,原本期待中位於中研院週圍老住宅區巷弄的麵館應該具有傳統外省老麵館的懷念美味,4,37,1年前,3,"['原本', '期待', '中', '位於', '中研院', '週圍', '老', '住宅區', '巷弄', '的', '麵館', '應該', '具有', '傳統', '外省', '老麵館', '的', '懷念', '美味']","[(0, 'root root'), (1, '原本 D'), (2, '期待 VK'), (3, '中 Ng'), (4, '位於 VCL'), (5, '中研院 Nc'), (6, '週圍 Nc'), (7, '老 VH'), (8, '住宅區 Nc'), (9, '巷弄 Na'), (10, '的 DE'), (11, '麵館 Nc'), (12, '應該 D'), (13, '具有 VJ'), (14, '傳統 VH'), (15, '外省 Nc'), (16, '老麵館 Nc'), (17, '的 DE'), (18, '懷念 VJ'), (19, '美味 VH')]","[('2 - 期待 VK', '1 - 原本 D', 'advmod'), ('3 - 中 Ng', '2 - 期待 VK', 'lobj'), ('13 - 具有 VJ', '3 - 中 Ng', 'loc'), ('11 - 麵館 Nc', '4 - 位於 VCL', 'rcmod'), ('6 - 週圍 Nc', '5 - 中研院 Nc', 'nn'), ('9 - 巷弄 Na', '6 - 週圍 Nc', 'nn'), ('8 - 住宅區 Nc', '7 - 老 VH', 'amod'), ('9 - 巷弄 Na', '8 - 住宅區 Nc', 'nn'), ('4 - 位於 VCL', '9 - 巷弄 Na', 'pobj'), ('4 - 位於 VCL', '10 - 的 DE', 'cpm'), ('13 - 具有 VJ', '11 - 麵館 Nc', 'nsubj'), ('13 - 具有 VJ', '12 - 應該 D', 'mmod'), ('0 - root root', '13 - 具有 VJ', 'root'), ('8 - 住宅區 Nc', '14 - 傳統 VH', 'amod'), ('16 - 老麵館 Nc', '15 - 外省 Nc', 'nn'), ('8 - 住宅區 Nc', '16 - 老麵館 Nc', 'amod'), ('19 - 美味 VH', '17 - 的 DE', 'assm'), ('19 - 美味 VH', '18 - 懷念 VJ', 'nn'), ('13 - 具有 VJ', '19 - 美味 VH', 'dobj')]"
8,經營母子倆服務熱誠與親切甚佳我才總體給3星,4,21,1年前,3,"['經營', '母子倆', '服務', '熱誠', '與', '親切', '甚', '佳', '我', '才', '總體', '給', '3', '星']","[(0, 'root root'), (1, '經營 VC'), (2, '母子倆 Na'), (3, '服務 VC'), (4, '熱誠 Na'), (5, '與 Caa'), (6, '親切 VH'), (7, '甚 Dfa'), (8, '佳 VH'), (9, '我 Nh'), (10, '才 Da'), (11, '總體 Na'), (12, '給 VD'), (13, '3 Neu'), (14, '星 Na')]","[('8 - 佳 VH', '1 - 經營 VC', 'dep'), ('1 - 經營 VC', '2 - 母子倆 Na', 'nn'), ('1 - 經營 VC', '3 - 服務 VC', 'nsubj'), ('6 - 親切 VH', '4 - 熱誠 Na', 'conj'), ('6 - 親切 VH', '5 - 與 Caa', 'cc'), ('8 - 佳 VH', '6 - 親切 VH', 'dep'), ('8 - 佳 VH', '7 - 甚 Dfa', 'advmod'), ('0 - root root', '8 - 佳 VH', 'root'), ('12 - 給 VD', '9 - 我 Nh', 'nsubj'), ('12 - 給 VD', '10 - 才 Da', 'advmod'), ('12 - 給 VD', '11 - 總體 Na', 'advmod'), ('8 - 佳 VH', '12 - 給 VD', 'root'), ('12 - 給 VD', '13 - 3 Neu', 'nummod'), ('12 - 給 VD', '14 - 星 Na', 'range')]"
9,而單就食物性價而言1-2星,4,13,1年前,3,"['而', '單', '就', '食物性價', '而言', '1-2', '星']","[(0, 'root root'), (1, '而 Cbb'), (2, '單 Da'), (3, '就 P'), (4, '食物性價 Na'), (5, '而言 Ng'), (6, '1-2 Neu'), (7, '星 Na')]","[('7 - 星 Na', '1 - 而 Cbb', 'advmod'), ('3 - 就 P', '2 - 單 Da', 'advmod'), ('1 - 而 Cbb', '3 - 就 P', 'prep'), ('3 - 就 P', '4 - 食物性價 Na', 'nn'), ('7 - 星 Na', '5 - 而言 Ng', 'prtmod'), ('7 - 星 Na', '6 - 1-2 Neu', 'dep'), ('0 - root root', '7 - 星 Na', 'root')]"
10,牛肉麵130元麵條是麵廠中筋麵粉機器製麵,4,20,1年前,3,"['牛肉麵', '130', '元', '麵條', '是', '麵廠', '中筋', '麵粉', '機器', '製麵']","[(0, 'root root'), (1, '牛肉麵 Na'), (2, '130 Neu'), (3, '元 Nf'), (4, '麵條 Na'), (5, '是 SHI'), (6, '麵廠 Nc'), (7, '中筋 Na'), (8, '麵粉 Na'), (9, '機器 Na'), (10, '製麵 VA')]","[('3 - 元 Nf', '1 - 牛肉麵 Na', 'nn'), ('3 - 元 Nf', '2 - 130 Neu', 'nummod'), ('4 - 麵條 Na', '3 - 元 Nf', 'clf'), ('5 - 是 SHI', '4 - 麵條 Na', 'top'), ('0 - root root', '5 - 是 SHI', 'root'), ('9 - 機器 Na', '6 - 麵廠 Nc', 'nn'), ('8 - 麵粉 Na', '7 - 中筋 Na', 'nn'), ('9 - 機器 Na', '8 - 麵粉 Na', 'nn'), ('10 - 製麵 VA', '9 - 機器 Na', 'nsubj'), ('5 - 是 SHI', '10 - 製麵 VA', 'ccomp')]"
11,牛肉湯頭並非傳統牛骨熬煮骨髓及油香,4,17,1年前,3,"['牛肉', '湯頭', '並非', '傳統', '牛骨', '熬煮', '骨髓', '及', '油香']","[(0, 'root root'), (1, '牛肉 Na'), (2, '湯頭 Na'), (3, '並非 D'), (4, '傳統 VH'), (5, '牛骨 Na'), (6, '熬煮 VC'), (7, '骨髓 Na'), (8, '及 Caa'), (9, '油香 Na')]","[('2 - 湯頭 Na', '1 - 牛肉 Na', 'nn'), ('3 - 並非 D', '2 - 湯頭 Na', 'nsubj'), ('9 - 油香 Na', '3 - 並非 D', 'advmod'), ('5 - 牛骨 Na', '4 - 傳統 VH', 'amod'), ('6 - 熬煮 VC', '5 - 牛骨 Na', 'nsubj'), ('9 - 油香 Na', '6 - 熬煮 VC', 'vmod'), ('9 - 油香 Na', '7 - 骨髓 Na', 'dobj'), ('9 - 油香 Na', '8 - 及 Caa', 'cc'), ('0 - root root', '9 - 油香 Na', 'dep')]"
12,帶筋塊狀牛肉乏善可陳,4,10,1年前,3,"['帶', '筋塊狀', '牛肉', '乏善可陳']","[(0, 'root root'), (1, '帶 VC'), (2, '筋塊狀 Na'), (3, '牛肉 Na'), (4, '乏善可陳 VH')]","[('3 - 牛肉 Na', '1 - 帶 VC', 'rcmod'), ('1 - 帶 VC', '2 - 筋塊狀 Na', 'dobj'), ('4 - 乏善可陳 VH', '3 - 牛肉 Na', 'nsubj'), ('0 - root root', '4 - 乏善可陳 VH', 'root')]"
13,不見青菜,4,4,1年前,3,"['不', '見', '青菜']","[(0, 'root root'), (1, '不 D'), (2, '見 VE'), (3, '青菜 Na')]","[('2 - 見 VE', '1 - 不 D', 'neg'), ('0 - root root', '2 - 見 VE', 'root'), ('2 - 見 VE', '3 - 青菜 Na', 'dobj')]"
14,酸菜辣油也無自製特別,4,10,1年前,3,"['酸菜', '辣油', '也', '無', '自製', '特別']","[(0, 'root root'), (1, '酸菜 Na'), (2, '辣油 Na'), (3, '也 D'), (4, '無 VJ'), (5, '自製 VC'), (6, '特別 VH')]","[('2 - 辣油 Na', '1 - 酸菜 Na', 'nn'), ('4 - 無 VJ', '2 - 辣油 Na', 'nsubj'), ('4 - 無 VJ', '3 - 也 D', 'advmod'), ('0 - root root', '4 - 無 VJ', 'root'), ('6 - 特別 VH', '5 - 自製 VC', 'root'), ('4 - 無 VJ', '6 - 特別 VH', 'dobj')]"
15,滷味豆干滷蛋時間不長很淺味,4,13,1年前,3,"['滷味', '豆乾', '滷蛋', '時間', '不', '長', '很', '淺味']","[(0, 'root root'), (1, '滷味 Na'), (2, '豆乾 Na'), (3, '滷蛋 Na'), (4, '時間 Na'), (5, '不 D'), (6, '長 VH'), (7, '很 Dfa'), (8, '淺味 VH')]","[('2 - 豆乾 Na', '1 - 滷味 Na', 'amod'), ('6 - 長 VH', '2 - 豆乾 Na', 'nn'), ('4 - 時間 Na', '3 - 滷蛋 Na', 'nsubj'), ('6 - 長 VH', '4 - 時間 Na', 'nsubj'), ('6 - 長 VH', '5 - 不 D', 'neg'), ('0 - root root', '6 - 長 VH', 'root'), ('8 - 淺味 VH', '7 - 很 Dfa', 'advmod'), ('6 - 長 VH', '8 - 淺味 VH', 'conj')]"
16,燴飯不錯,5,4,2年前,5,"['燴飯', '不錯']","[(0, 'root root'), (1, '燴飯 Na'), (2, '不錯 VH')]","[('2 - 不錯 VH', '1 - 燴飯 Na', 'nsubj'), ('0 - root root', '2 - 不錯 VH', 'root')]"
17,燴汁下飯,5,4,2年前,5,"['燴汁', '下飯']","[(0, 'root root'), (1, '燴汁 Na'), (2, '下飯 VH')]","[('2 - 下飯 VH', '1 - 燴汁 Na', 'nsubj'), ('0 - root root', '2 - 下飯 VH', 'root')]"
18,份量也滿大的,5,6,2年前,5,"['份量', '也', '滿', '大', '的']","[(0, 'root root'), (1, '份量 Na'), (2, '也 D'), (3, '滿 Dfa'), (4, '大 VH'), (5, '的 T')]","[('4 - 大 VH', '1 - 份量 Na', 'nsubj'), ('4 - 大 VH', '2 - 也 D', 'advmod'), ('4 - 大 VH', '3 - 滿 Dfa', 'advmod'), ('0 - root root', '4 - 大 VH', 'root'), ('4 - 大 VH', '5 - 的 T', 'dep')]"
19,酸辣湯也是料好實在,5,9,2年前,5,"['酸辣湯', '也', '是', '料好', '實在']","[(0, 'root root'), (1, '酸辣湯 Na'), (2, '也 D'), (3, '是 SHI'), (4, '料好 VH'), (5, '實在 VH')]","[('3 - 是 SHI', '1 - 酸辣湯 Na', 'amod'), ('3 - 是 SHI', '2 - 也 D', 'advmod'), ('0 - root root', '3 - 是 SHI', 'root'), ('5 - 實在 VH', '4 - 料好 VH', 'nsubj'), ('3 - 是 SHI', '5 - 實在 VH', 'comod')]"
20,每一口都是滿滿的料,5,9,2年前,5,"['每', '一', '口', '都', '是', '滿滿', '的', '料']","[(0, 'root root'), (1, '每 Nes'), (2, '一 Neu'), (3, '口 Nf'), (4, '都 D'), (5, '是 SHI'), (6, '滿滿 VH'), (7, '的 DE'), (8, '料 Na')]","[('5 - 是 SHI', '1 - 每 Nes', 'dep'), ('3 - 口 Nf', '2 - 一 Neu', 'nummod'), ('1 - 每 Nes', '3 - 口 Nf', 'dep'), ('5 - 是 SHI', '4 - 都 D', 'advmod'), ('0 - root root', '5 - 是 SHI', 'root'), ('8 - 料 Na', '6 - 滿滿 VH', 'rcmod'), ('6 - 滿滿 VH', '7 - 的 DE', 'cpm'), ('5 - 是 SHI', '8 - 料 Na', 'attr')]"
21,環境乾淨,5,4,2年前,5,"['環境', '乾淨']","[(0, 'root root'), (1, '環境 Na'), (2, '乾淨 VH')]","[('2 - 乾淨 VH', '1 - 環境 Na', 'nsubj'), ('0 - root root', '2 - 乾淨 VH', 'root')]"
22,老闆娘也親切熱情,5,8,2年前,5,"['老闆娘', '也', '親切', '熱情']","[(0, 'root root'), (1, '老闆娘 Na'), (2, '也 D'), (3, '親切 VH'), (4, '熱情 VH')]","[('3 - 親切 VH', '1 - 老闆娘 Na', 'nsubj'), ('3 - 親切 VH', '2 - 也 D', 'advmod'), ('0 - root root', '3 - 親切 VH', 'advmod'), ('3 - 親切 VH', '4 - 熱情 VH', 'root')]"
23,是間可以舒服吃飯的巷弄小店,5,13,2年前,5,"['是', '間', '可以', '舒服', '吃飯', '的', '巷弄', '小店']","[(0, 'root root'), (1, '是 SHI'), (2, '間 Ncd'), (3, '可以 D'), (4, '舒服 VH'), (5, '吃飯 VA'), (6, '的 DE'), (7, '巷弄 Na'), (8, '小店 Na')]","[('0 - root root', '1 - 是 SHI', 'root'), ('1 - 是 SHI', '2 - 間 Ncd', 'clf'), ('5 - 吃飯 VA', '3 - 可以 D', 'mmod'), ('5 - 吃飯 VA', '4 - 舒服 VH', 'advmod'), ('7 - 巷弄 Na', '5 - 吃飯 VA', 'rcmod'), ('5 - 吃飯 VA', '6 - 的 DE', 'cpm'), ('1 - 是 SHI', '7 - 巷弄 Na', 'nn'), ('1 - 是 SHI', '8 - 小店 Na', 'amod')]"
24,下次還會再來,5,6,2年前,5,"['下', '次', '還', '會', '再', '來']","[(0, 'root root'), (1, '下 Nes'), (2, '次 Nf'), (3, '還 D'), (4, '會 D'), (5, '再 D'), (6, '來 D')]","[('6 - 來 D', '1 - 下 Nes', 'dep'), ('1 - 下 Nes', '2 - 次 Nf', 'clf'), ('6 - 來 D', '3 - 還 D', 'advmod'), ('6 - 來 D', '4 - 會 D', 'mmod'), ('6 - 來 D', '5 - 再 D', 'advmod'), ('0 - root root', '6 - 來 D', 'root')]"
25,份量偏少,6,4,4個月前,3,"['份量', '偏', '少']","[(0, 'root root'), (1, '份量 Na'), (2, '偏 D'), (3, '少 VH')]","[('3 - 少 VH', '1 - 份量 Na', 'nsubj'), ('3 - 少 VH', '2 - 偏 D', 'advmod'), ('0 - root root', '3 - 少 VH', 'root')]"
26,清淡口味,6,4,4個月前,3,"['清淡', '口味']","[(0, 'root root'), (1, '清淡 VH'), (2, '口味 Na')]","[('2 - 口味 Na', '1 - 清淡 VH', 'amod'), ('0 - root root', '2 - 口味 Na', 'root')]"
27,還不錯,6,3,4個月前,3,"['還', '不錯']","[(0, 'root root'), (1, '還 D'), (2, '不錯 VH')]","[('2 - 不錯 VH', '1 - 還 D', 'advmod'), ('0 - root root', '2 - 不錯 VH', 'root')]"
28,個人覺得口味普通,7,8,3年前,3,"['個人', '覺得', '口味', '普通']","[(0, 'root root'), (1, '個人 Nh'), (2, '覺得 VK'), (3, '口味 Na'), (4, '普通 VH')]","[('2 - 覺得 VK', '1 - 個人 Nh', 'nsubj'), ('0 - root root', '2 - 覺得 VK', 'root'), ('4 - 普通 VH', '3 - 口味 Na', 'nsubj'), ('2 - 覺得 VK', '4 - 普通 VH', 'ccomp')]"
29,且CP值不夠,7,6,3年前,3,"['且', 'CP值', '不', '夠']","[(0, 'root root'), (1, '且 Cbb'), (2, 'CP值 Na'), (3, '不 D'), (4, '夠 VH')]","[('4 - 夠 VH', '1 - 且 Cbb', 'advmod'), ('4 - 夠 VH', '2 - CP值 Na', 'punct'), ('4 - 夠 VH', '3 - 不 D', 'dep'), ('0 - root root', '4 - 夠 VH', 'dep')]"
30,這絕對是我這輩子吃過最難吃的牛肉麵,8,17,2年前,1,"['這', '絕對', '是', '我', '這', '輩子', '吃', '過', '最', '難吃', '的', '牛肉麵']","[(0, 'root root'), (1, '這 Nep'), (2, '絕對 D'), (3, '是 SHI'), (4, '我 Nh'), (5, '這 Nep'), (6, '輩子 Na'), (7, '吃 VC'), (8, '過 Di'), (9, '最 Dfa'), (10, '難吃 VH'), (11, '的 DE'), (12, '牛肉麵 Na')]","[('3 - 是 SHI', '1 - 這 Nep', 'nsubj'), ('3 - 是 SHI', '2 - 絕對 D', 'advmod'), ('0 - root root', '3 - 是 SHI', 'root'), ('7 - 吃 VC', '4 - 我 Nh', 'nsubj'), ('6 - 輩子 Na', '5 - 這 Nep', 'det'), ('7 - 吃 VC', '6 - 輩子 Na', 'dep'), ('12 - 牛肉麵 Na', '7 - 吃 VC', 'rcmod'), ('7 - 吃 VC', '8 - 過 Di', 'asp'), ('10 - 難吃 VH', '9 - 最 Dfa', 'advmod'), ('12 - 牛肉麵 Na', '10 - 難吃 VH', 'advmod'), ('10 - 難吃 VH', '11 - 的 DE', 'cpm'), ('3 - 是 SHI', '12 - 牛肉麵 Na', 'attr')]"
31,難吃到我願意刻意登入來負評,8,13,2年前,1,"['難吃', '到', '我', '願意', '刻意', '登入', '來', '負評']","[(0, 'root root'), (1, '難吃 VH'), (2, '到 P'), (3, '我 Nh'), (4, '願意 VK'), (5, '刻意 D'), (6, '登入 VCL'), (7, '來 D'), (8, '負評 Na')]","[('2 - 到 P', '1 - 難吃 VH', 'advmod'), ('0 - root root', '2 - 到 P', 'root'), ('6 - 登入 VCL', '3 - 我 Nh', 'xsubj'), ('2 - 到 P', '4 - 願意 VK', 'pccomp'), ('6 - 登入 VCL', '5 - 刻意 D', 'advmod'), ('4 - 願意 VK', '6 - 登入 VCL', 'ccomp'), ('8 - 負評 Na', '7 - 來 D', 'prtmod'), ('6 - 登入 VCL', '8 - 負評 Na', 'dep')]"
32,你們的雖然偏清燉,8,8,2年前,1,"['你們', '的', '雖然', '偏清', '燉']","[(0, 'root root'), (1, '你們 Nh'), (2, '的 DE'), (3, '雖然 Cbb'), (4, '偏清 VH'), (5, '燉 VC')]","[('5 - 燉 VC', '1 - 你們 Nh', 'dep'), ('1 - 你們 Nh', '2 - 的 DE', 'assm'), ('5 - 燉 VC', '3 - 雖然 Cbb', 'advmod'), ('5 - 燉 VC', '4 - 偏清 VH', 'advmod'), ('0 - root root', '5 - 燉 VC', 'root')]"
33,但也太不用心了吧,8,8,2年前,1,"['但', '也', '太', '不', '用心', '了', '吧']","[(0, 'root root'), (1, '但 Cbb'), (2, '也 D'), (3, '太 Dfa'), (4, '不 D'), (5, '用心 VH'), (6, '了 T'), (7, '吧 T')]","[('5 - 用心 VH', '1 - 但 Cbb', 'advmod'), ('5 - 用心 VH', '2 - 也 D', 'advmod'), ('5 - 用心 VH', '3 - 太 Dfa', 'advmod'), ('5 - 用心 VH', '4 - 不 D', 'neg'), ('0 - root root', '5 - 用心 VH', 'root'), ('5 - 用心 VH', '6 - 了 T', 'asp'), ('5 - 用心 VH', '7 - 吧 T', 'dep')]"
34,既然都叫松園*牛肉麵*,8,11,2年前,1,"['既然', '都', '叫', '松園', '*', '牛肉麵', '*']","[(0, 'root root'), (1, '既然 Cbb'), (2, '都 D'), (3, '叫 VG'), (4, '松園 Nc'), (5, '* FW'), (6, '牛肉麵 Na'), (7, '* FW')]","[('3 - 叫 VG', '1 - 既然 Cbb', 'advmod'), ('3 - 叫 VG', '2 - 都 D', 'advmod'), ('0 - root root', '3 - 叫 VG', 'root'), ('3 - 叫 VG', '4 - 松園 Nc', 'dep'), ('6 - 牛肉麵 Na', '5 - * FW', 'punct'), ('3 - 叫 VG', '6 - 牛肉麵 Na', 'dobj'), ('6 - 牛肉麵 Na', '7 - * FW', 'punct')]"
35,好好燉個牛肉湯很難嗎,8,10,2年前,1,"['好好', '燉', '個', '牛肉湯', '很', '難', '嗎']","[(0, 'root root'), (1, '好好 VH'), (2, '燉 VC'), (3, '個 Di'), (4, '牛肉湯 Na'), (5, '很 Dfa'), (6, '難 VH'), (7, '嗎 T')]","[('2 - 燉 VC', '1 - 好好 VH', 'advmod'), ('6 - 難 VH', '2 - 燉 VC', 'dep'), ('2 - 燉 VC', '3 - 個 Di', 'clf'), ('6 - 難 VH', '4 - 牛肉湯 Na', 'nn'), ('6 - 難 VH', '5 - 很 Dfa', 'advmod'), ('0 - root root', '6 - 難 VH', 'root'), ('6 - 難 VH', '7 - 嗎 T', 'dep')]"
36,整碗湯滿滿的味精味,8,9,2年前,1,"['整', '碗', '湯', '滿滿', '的', '味精味']","[(0, 'root root'), (1, '整 Neqa'), (2, '碗 Nf'), (3, '湯 Na'), (4, '滿滿 VH'), (5, '的 DE'), (6, '味精味 Na')]","[('3 - 湯 Na', '1 - 整 Neqa', 'det'), ('1 - 整 Neqa', '2 - 碗 Nf', 'nn'), ('6 - 味精味 Na', '3 - 湯 Na', 'nsubj'), ('6 - 味精味 Na', '4 - 滿滿 VH', 'rcmod'), ('4 - 滿滿 VH', '5 - 的 DE', 'cpm'), ('0 - root root', '6 - 味精味 Na', 'nn')]"
37,不會適度搭配點甘草,8,9,2年前,1,"['不會', '適度', '搭配', '點', '甘草']","[(0, 'root root'), (1, '不會 D'), (2, '適度 D'), (3, '搭配 VC'), (4, '點 Nf'), (5, '甘草 Na')]","[('3 - 搭配 VC', '1 - 不會 D', 'neg'), ('3 - 搭配 VC', '2 - 適度 D', 'advmod'), ('0 - root root', '3 - 搭配 VC', 'root'), ('5 - 甘草 Na', '4 - 點 Nf', 'clf'), ('3 - 搭配 VC', '5 - 甘草 Na', 'dobj')]"
38,荳蔻,8,2,2年前,1,['荳蔻'],"[(0, 'root root'), (1, '荳蔻 Na')]","[('0 - root root', '1 - 荳蔻 Na', 'root')]"
39,花椒,8,2,2年前,1,['花椒'],"[(0, 'root root'), (1, '花椒 Na')]","[('0 - root root', '1 - 花椒 Na', 'root')]"
40,桂枝,8,2,2年前,1,['桂枝'],"[(0, 'root root'), (1, '桂枝 Na')]","[('0 - root root', '1 - 桂枝 Na', 'root')]"
41,當歸尾之類的東西提香,8,10,2年前,1,"['當', '歸尾', '之類', '的', '東西', '提香']","[(0, 'root root'), (1, '當 P'), (2, '歸尾 Na'), (3, '之類 Cab'), (4, '的 DE'), (5, '東西 Na'), (6, '提香 Nb')]","[('0 - root root', '1 - 當 P', 'prep'), ('3 - 之類 Cab', '2 - 歸尾 Na', 'nn'), ('5 - 東西 Na', '3 - 之類 Cab', 'assmod'), ('3 - 之類 Cab', '4 - 的 DE', 'assm'), ('6 - 提香 Nb', '5 - 東西 Na', 'nsubj'), ('1 - 當 P', '6 - 提香 Nb', 'pccomp')]"
42,這間店的老闆,8,6,2年前,1,"['這', '間', '店', '的', '老闆']","[(0, 'root root'), (1, '這 Nep'), (2, '間 Nf'), (3, '店 Nc'), (4, '的 DE'), (5, '老闆 Na')]","[('3 - 店 Nc', '1 - 這 Nep', 'det'), ('1 - 這 Nep', '2 - 間 Nf', 'clf'), ('5 - 老闆 Na', '3 - 店 Nc', 'assmod'), ('3 - 店 Nc', '4 - 的 DE', 'assm'), ('0 - root root', '5 - 老闆 Na', 'root')]"
43,要嘛舌頭真的有問題,8,9,2年前,1,"['要', '嘛', '舌頭', '真的', '有', '問題']","[(0, 'root root'), (1, '要 D'), (2, '嘛 T'), (3, '舌頭 Na'), (4, '真的 D'), (5, '有 V_2'), (6, '問題 Na')]","[('5 - 有 V_2', '1 - 要 D', 'advmod'), ('5 - 有 V_2', '2 - 嘛 T', 'advmod'), ('5 - 有 V_2', '3 - 舌頭 Na', 'nsubj'), ('5 - 有 V_2', '4 - 真的 D', 'advmod'), ('0 - root root', '5 - 有 V_2', 'root'), ('5 - 有 V_2', '6 - 問題 Na', 'dobj')]"
44,不然就是黔驢技窮,8,8,2年前,1,"['不然', '就', '是', '黔驢', '技窮']","[(0, 'root root'), (1, '不然 Cbb'), (2, '就 D'), (3, '是 SHI'), (4, '黔驢 Na'), (5, '技窮 VH')]","[('3 - 是 SHI', '1 - 不然 Cbb', 'advmod'), ('3 - 是 SHI', '2 - 就 D', 'advmod'), ('0 - root root', '3 - 是 SHI', 'root'), ('3 - 是 SHI', '4 - 黔驢 Na', 'nsubj'), ('3 - 是 SHI', '5 - 技窮 VH', 'ccomp')]"
45,排骨麵,9,3,2年前,5,['排骨麵'],"[(0, 'root root'), (1, '排骨麵 Na')]","[('0 - root root', '1 - 排骨麵 Na', 'root')]"
46,排骨好吃很特別,9,7,2年前,5,"['排骨', '好吃', '很', '特別']","[(0, 'root root'), (1, '排骨 Na'), (2, '好吃 VH'), (3, '很 Dfa'), (4, '特別 VH')]","[('2 - 好吃 VH', '1 - 排骨 Na', 'nsubj'), ('0 - root root', '2 - 好吃 VH', 'root'), ('4 - 特別 VH', '3 - 很 Dfa', 'advmod'), ('2 - 好吃 VH', '4 - 特別 VH', 'dep')]"
47,朋友吃酸辣湯餃,9,7,2年前,5,"['朋友', '吃', '酸辣湯餃']","[(0, 'root root'), (1, '朋友 Na'), (2, '吃 VC'), (3, '酸辣湯餃 Na')]","[('2 - 吃 VC', '1 - 朋友 Na', 'nsubj'), ('0 - root root', '2 - 吃 VC', 'root'), ('2 - 吃 VC', '3 - 酸辣湯餃 Na', 'amod')]"
48,也很棒,9,3,2年前,5,"['也', '很', '棒']","[(0, 'root root'), (1, '也 D'), (2, '很 Dfa'), (3, '棒 VH')]","[('3 - 棒 VH', '1 - 也 D', 'advmod'), ('3 - 棒 VH', '2 - 很 Dfa', 'advmod'), ('0 - root root', '3 - 棒 VH', 'root')]"
49,喜歡酸酸的,9,5,2年前,5,"['喜歡', '酸酸', '的']","[(0, 'root root'), (1, '喜歡 VK'), (2, '酸酸 VH'), (3, '的 DE')]","[('0 - root root', '1 - 喜歡 VK', 'root'), ('1 - 喜歡 VK', '2 - 酸酸 VH', 'dobj'), ('2 - 酸酸 VH', '3 - 的 DE', 'cpm')]"
50,下次來也要吃酸辣湯餃,9,10,2年前,5,"['下', '次', '來', '也', '要', '吃', '酸辣湯餃']","[(0, 'root root'), (1, '下 Nes'), (2, '次 Nf'), (3, '來 VA'), (4, '也 D'), (5, '要 D'), (6, '吃 VC'), (7, '酸辣湯餃 Na')]","[('3 - 來 VA', '1 - 下 Nes', 'dep'), ('1 - 下 Nes', '2 - 次 Nf', 'clf'), ('6 - 吃 VC', '3 - 來 VA', 'dep'), ('6 - 吃 VC', '4 - 也 D', 'advmod'), ('6 - 吃 VC', '5 - 要 D', 'mmod'), ('0 - root root', '6 - 吃 VC', 'root'), ('6 - 吃 VC', '7 - 酸辣湯餃 Na', 'amod')]"
51,中午下大雨,9,5,2年前,5,"['中午', '下', '大雨']","[(0, 'root root'), (1, '中午 Nd'), (2, '下 VC'), (3, '大雨 Na')]","[('2 - 下 VC', '1 - 中午 Nd', 'tmod'), ('0 - root root', '2 - 下 VC', 'root'), ('2 - 下 VC', '3 - 大雨 Na', 'dobj')]"
52,沒有傘,9,3,2年前,5,"['沒有', '傘']","[(0, 'root root'), (1, '沒有 VJ'), (2, '傘 Na')]","[('0 - root root', '1 - 沒有 VJ', 'root'), ('1 - 沒有 VJ', '2 - 傘 Na', 'dobj')]"
53,老闆還借我們傘,9,7,2年前,5,"['老闆', '還', '借', '我們', '傘']","[(0, 'root root'), (1, '老闆 Na'), (2, '還 D'), (3, '借 VD'), (4, '我們 Nh'), (5, '傘 Na')]","[('3 - 借 VD', '1 - 老闆 Na', 'nsubj'), ('3 - 借 VD', '2 - 還 D', 'advmod'), ('0 - root root', '3 - 借 VD', 'root'), ('3 - 借 VD', '4 - 我們 Nh', 'nn'), ('3 - 借 VD', '5 - 傘 Na', 'dobj')]"
54,很親切的店家,9,6,2年前,5,"['很', '親切', '的', '店家']","[(0, 'root root'), (1, '很 Dfa'), (2, '親切 VH'), (3, '的 DE'), (4, '店家 Na')]","[('2 - 親切 VH', '1 - 很 Dfa', 'advmod'), ('4 - 店家 Na', '2 - 親切 VH', 'rcmod'), ('2 - 親切 VH', '3 - 的 DE', 'cpm'), ('0 - root root', '4 - 店家 Na', 'root')]"
55,喜歡牛肉細粉以及牛肉燴飯,10,12,6年前,5,"['喜歡', '牛肉', '細粉', '以及', '牛肉', '燴飯']","[(0, 'root root'), (1, '喜歡 VK'), (2, '牛肉 Na'), (3, '細粉 Na'), (4, '以及 Caa'), (5, '牛肉 Na'), (6, '燴飯 Na')]","[('0 - root root', '1 - 喜歡 VK', 'root'), ('3 - 細粉 Na', '2 - 牛肉 Na', 'nn'), ('6 - 燴飯 Na', '3 - 細粉 Na', 'conj'), ('6 - 燴飯 Na', '4 - 以及 Caa', 'cc'), ('6 - 燴飯 Na', '5 - 牛肉 Na', 'nn'), ('1 - 喜歡 VK', '6 - 燴飯 Na', 'dobj')]"
56,覺得味道挺不錯的,10,8,6年前,5,"['覺得', '味道', '挺', '不錯', '的']","[(0, 'root root'), (1, '覺得 VK'), (2, '味道 Na'), (3, '挺 Dfa'), (4, '不錯 VH'), (5, '的 DE')]","[('0 - root root', '1 - 覺得 VK', 'root'), ('4 - 不錯 VH', '2 - 味道 Na', 'nsubj'), ('4 - 不錯 VH', '3 - 挺 Dfa', 'advmod'), ('1 - 覺得 VK', '4 - 不錯 VH', 'ccomp'), ('4 - 不錯 VH', '5 - 的 DE', 'dep')]"
57,是會讓人想再去的好吃餐廳,10,12,6年前,5,"['是', '會', '讓', '人', '想', '再', '去', '的', '好吃', '餐廳']","[(0, 'root root'), (1, '是 SHI'), (2, '會 D'), (3, '讓 VL'), (4, '人 Na'), (5, '想 VE'), (6, '再 D'), (7, '去 VCL'), (8, '的 DE'), (9, '好吃 VH'), (10, '餐廳 Nc')]","[('0 - root root', '1 - 是 SHI', 'root'), ('3 - 讓 VL', '2 - 會 D', 'mmod'), ('10 - 餐廳 Nc', '3 - 讓 VL', 'rcmod'), ('3 - 讓 VL', '4 - 人 Na', 'dobj'), ('3 - 讓 VL', '5 - 想 VE', 'dep'), ('7 - 去 VCL', '6 - 再 D', 'advmod'), ('5 - 想 VE', '7 - 去 VCL', 'ccomp'), ('3 - 讓 VL', '8 - 的 DE', 'cpm'), ('10 - 餐廳 Nc', '9 - 好吃 VH', 'amod'), ('1 - 是 SHI', '10 - 餐廳 Nc', 'attr')]"
58,有些人覺得分量太小,10,9,6年前,5,"['有', '些', '人', '覺得', '分量', '太', '小']","[(0, 'root root'), (1, '有 V_2'), (2, '些 Nf'), (3, '人 Na'), (4, '覺得 VK'), (5, '分量 Na'), (6, '太 Dfa'), (7, '小 VH')]","[('3 - 人 Na', '1 - 有 V_2', 'det'), ('3 - 人 Na', '2 - 些 Nf', 'det'), ('4 - 覺得 VK', '3 - 人 Na', 'nsubj'), ('0 - root root', '4 - 覺得 VK', 'root'), ('7 - 小 VH', '5 - 分量 Na', 'nsubj'), ('7 - 小 VH', '6 - 太 Dfa', 'advmod'), ('4 - 覺得 VK', '7 - 小 VH', 'ccomp')]"
59,可以跟老闆要求加飯或加麵,10,12,6年前,5,"['可以', '跟', '老闆', '要求', '加', '飯', '或', '加', '麵']","[(0, 'root root'), (1, '可以 D'), (2, '跟 P'), (3, '老闆 Na'), (4, '要求 VF'), (5, '加 VC'), (6, '飯 Na'), (7, '或 Caa'), (8, '加 VC'), (9, '麵 Na')]","[('4 - 要求 VF', '1 - 可以 D', 'mmod'), ('4 - 要求 VF', '2 - 跟 P', 'prep'), ('2 - 跟 P', '3 - 老闆 Na', 'pobj'), ('0 - root root', '4 - 要求 VF', 'root'), ('4 - 要求 VF', '5 - 加 VC', 'ccomp'), ('4 - 要求 VF', '6 - 飯 Na', 'ccomp'), ('5 - 加 VC', '7 - 或 Caa', 'cc'), ('5 - 加 VC', '8 - 加 VC', 'conj'), ('5 - 加 VC', '9 - 麵 Na', 'conj')]"
60,外帶湯麵不給碗是,11,8,1年前,1,"['外帶', '湯麵', '不', '給', '碗', '是']","[(0, 'root root'), (1, '外帶 VC'), (2, '湯麵 Na'), (3, '不 D'), (4, '給 VD'), (5, '碗 Na'), (6, '是 SHI')]","[('4 - 給 VD', '1 - 外帶 VC', 'nsubj'), ('4 - 給 VD', '2 - 湯麵 Na', 'dobj'), ('4 - 給 VD', '3 - 不 D', 'neg'), ('6 - 是 SHI', '4 - 給 VD', 'top'), ('4 - 給 VD', '5 - 碗 Na', 'dobj'), ('0 - root root', '6 - 是 SHI', 'root')]"
61,要別人怎麼吃,11,6,1年前,1,"['要', '別人', '怎麼', '吃']","[(0, 'root root'), (1, '要 VE'), (2, '別人 Nh'), (3, '怎麼 D'), (4, '吃 VC')]","[('0 - root root', '1 - 要 VE', 'root'), ('1 - 要 VE', '2 - 別人 Nh', 'dobj'), ('4 - 吃 VC', '3 - 怎麼 D', 'advmod'), ('1 - 要 VE', '4 - 吃 VC', 'dep')]"
62,一碗麵一百多,11,6,1年前,1,"['一', '碗', '麵', '一百多']","[(0, 'root root'), (1, '一 Neu'), (2, '碗 Nf'), (3, '麵 Na'), (4, '一百多 Neu')]","[('2 - 碗 Nf', '1 - 一 Neu', 'nummod'), ('3 - 麵 Na', '2 - 碗 Nf', 'clf'), ('4 - 一百多 Neu', '3 - 麵 Na', 'nsubj'), ('0 - root root', '4 - 一百多 Neu', 'root')]"
63,這點成本也要省,11,7,1年前,1,"['這', '點', '成本', '也', '要', '省']","[(0, 'root root'), (1, '這 Nep'), (2, '點 Nf'), (3, '成本 Na'), (4, '也 D'), (5, '要 D'), (6, '省 VH')]","[('3 - 成本 Na', '1 - 這 Nep', 'det'), ('1 - 這 Nep', '2 - 點 Nf', 'clf'), ('6 - 省 VH', '3 - 成本 Na', 'nsubj'), ('6 - 省 VH', '4 - 也 D', 'advmod'), ('6 - 省 VH', '5 - 要 D', 'mmod'), ('0 - root root', '6 - 省 VH', 'root')]"
64,排骨麵跟炸醬麵都還不錯,12,11,4年前,3,"['排骨麵', '跟', '炸醬麵', '都', '還', '不錯']","[(0, 'root root'), (1, '排骨麵 Na'), (2, '跟 Caa'), (3, '炸醬麵 Na'), (4, '都 D'), (5, '還 D'), (6, '不錯 VH')]","[('3 - 炸醬麵 Na', '1 - 排骨麵 Na', 'conj'), ('3 - 炸醬麵 Na', '2 - 跟 Caa', 'cc'), ('6 - 不錯 VH', '3 - 炸醬麵 Na', 'nsubj'), ('6 - 不錯 VH', '4 - 都 D', 'advmod'), ('6 - 不錯 VH', '5 - 還 D', 'advmod'), ('0 - root root', '6 - 不錯 VH', 'root')]"
65,水餃也不錯,12,5,4年前,3,"['水餃', '也', '不錯']","[(0, 'root root'), (1, '水餃 Na'), (2, '也 D'), (3, '不錯 VH')]","[('3 - 不錯 VH', '1 - 水餃 Na', 'nsubj'), ('3 - 不錯 VH', '2 - 也 D', 'advmod'), ('0 - root root', '3 - 不錯 VH', 'root')]"
66,湯麵湯底稍淡偏油,12,8,4年前,3,"['湯麵', '湯底', '稍', '淡', '偏', '油']","[(0, 'root root'), (1, '湯麵 Na'), (2, '湯底 Na'), (3, '稍 D'), (4, '淡 VH'), (5, '偏 VJ'), (6, '油 Na')]","[('2 - 湯底 Na', '1 - 湯麵 Na', 'nn'), ('4 - 淡 VH', '2 - 湯底 Na', 'nsubj'), ('4 - 淡 VH', '3 - 稍 D', 'advmod'), ('0 - root root', '4 - 淡 VH', 'root'), ('6 - 油 Na', '5 - 偏 VJ', 'comod'), ('4 - 淡 VH', '6 - 油 Na', 'dep')]"
67,小菜普通,12,4,4年前,3,"['小菜', '普通']","[(0, 'root root'), (1, '小菜 Na'), (2, '普通 VH')]","[('2 - 普通 VH', '1 - 小菜 Na', 'amod'), ('0 - root root', '2 - 普通 VH', 'root')]"
68,其他餐點沒嚐過,12,7,4年前,3,"['其他', '餐點', '沒', '嚐', '過']","[(0, 'root root'), (1, '其他 Neqa'), (2, '餐點 Na'), (3, '沒 D'), (4, '嚐 VC'), (5, '過 Di')]","[('2 - 餐點 Na', '1 - 其他 Neqa', 'det'), ('4 - 嚐 VC', '2 - 餐點 Na', 'top'), ('4 - 嚐 VC', '3 - 沒 D', 'neg'), ('0 - root root', '4 - 嚐 VC', 'root'), ('4 - 嚐 VC', '5 - 過 Di', 'asp')]"
69,暫不予置評,12,5,4年前,3,"['暫不予置', '評']","[(0, 'root root'), (1, '暫不予置 D'), (2, '評 VC')]","[('2 - 評 VC', '1 - 暫不予置 D', 'advmod'), ('0 - root root', '2 - 評 VC', 'dobj')]"
70,家常,13,2,1年前,5,['家常'],"[(0, 'root root'), (1, '家常 A')]","[('0 - root root', '1 - 家常 A', 'root')]"
71,方便,13,2,1年前,5,['方便'],"[(0, 'root root'), (1, '方便 VH')]","[('0 - root root', '1 - 方便 VH', 'root')]"
72,水餃和排骨麵超級好吃,13,10,1年前,5,"['水餃', '和', '排骨麵', '超級', '好吃']","[(0, 'root root'), (1, '水餃 Na'), (2, '和 Caa'), (3, '排骨麵 Na'), (4, '超級 Dfa'), (5, '好吃 VH')]","[('3 - 排骨麵 Na', '1 - 水餃 Na', 'conj'), ('3 - 排骨麵 Na', '2 - 和 Caa', 'cc'), ('5 - 好吃 VH', '3 - 排骨麵 Na', 'nsubj'), ('5 - 好吃 VH', '4 - 超級 Dfa', 'advmod'), ('0 - root root', '5 - 好吃 VH', 'root')]"
73,懷念以前禮拜六和家人一起吃的日子,13,16,1年前,5,"['懷念', '以前', '禮拜六', '和', '家人', '一起', '吃', '的', '日子']","[(0, 'root root'), (1, '懷念 VJ'), (2, '以前 Nd'), (3, '禮拜六 Nd'), (4, '和 P'), (5, '家人 Na'), (6, '一起 D'), (7, '吃 VC'), (8, '的 DE'), (9, '日子 Na')]","[('0 - root root', '1 - 懷念 VJ', 'root'), ('7 - 吃 VC', '2 - 以前 Nd', 'nn'), ('7 - 吃 VC', '3 - 禮拜六 Nd', 'tmod'), ('7 - 吃 VC', '4 - 和 P', 'prep'), ('4 - 和 P', '5 - 家人 Na', 'pobj'), ('7 - 吃 VC', '6 - 一起 D', 'advmod'), ('9 - 日子 Na', '7 - 吃 VC', 'rcmod'), ('7 - 吃 VC', '8 - 的 DE', 'cpm'), ('1 - 懷念 VJ', '9 - 日子 Na', 'dobj')]"
74,麵條Q彈好吃,14,6,1年前,5,"['麵條', 'Q', '彈', '好吃']","[(0, 'root root'), (1, '麵條 Na'), (2, 'Q FW'), (3, '彈 VC'), (4, '好吃 VH')]","[('4 - 好吃 VH', '1 - 麵條 Na', 'nsubj'), ('4 - 好吃 VH', '2 - Q FW', 'punct'), ('4 - 好吃 VH', '3 - 彈 VC', 'root'), ('0 - root root', '4 - 好吃 VH', 'root')]"
75,湯餃好吃,14,4,1年前,5,"['湯餃', '好吃']","[(0, 'root root'), (1, '湯餃 Na'), (2, '好吃 VH')]","[('2 - 好吃 VH', '1 - 湯餃 Na', 'nsubj'), ('0 - root root', '2 - 好吃 VH', 'root')]"
76,小菜也好吃,14,5,1年前,5,"['小菜', '也', '好吃']","[(0, 'root root'), (1, '小菜 Na'), (2, '也 D'), (3, '好吃 VH')]","[('3 - 好吃 VH', '1 - 小菜 Na', 'amod'), ('3 - 好吃 VH', '2 - 也 D', 'advmod'), ('0 - root root', '3 - 好吃 VH', 'root')]"
77,生意很好,14,4,1年前,5,"['生意', '很', '好']","[(0, 'root root'), (1, '生意 Na'), (2, '很 Dfa'), (3, '好 VH')]","[('3 - 好 VH', '1 - 生意 Na', 'nsubj'), ('3 - 好 VH', '2 - 很 Dfa', 'advmod'), ('0 - root root', '3 - 好 VH', 'root')]"
78,值得再訪的店,14,6,1年前,5,"['值得', '再', '訪', '的', '店']","[(0, 'root root'), (1, '值得 VH'), (2, '再 D'), (3, '訪 VC'), (4, '的 DE'), (5, '店 Nc')]","[('5 - 店 Nc', '1 - 值得 VH', 'rcmod'), ('1 - 值得 VH', '2 - 再 D', 'advmod'), ('1 - 值得 VH', '3 - 訪 VC', 'ccomp'), ('1 - 值得 VH', '4 - 的 DE', 'cpm'), ('0 - root root', '5 - 店 Nc', 'root')]"
79,以前的巷弄美食之一,15,9,2年前,4,"['以前', '的', '巷弄', '美食', '之', '一']","[(0, 'root root'), (1, '以前 Nd'), (2, '的 DE'), (3, '巷弄 Na'), (4, '美食 Na'), (5, '之 DE'), (6, '一 Neu')]","[('5 - 之 DE', '1 - 以前 Nd', 'assmod'), ('1 - 以前 Nd', '2 - 的 DE', 'assm'), ('5 - 之 DE', '3 - 巷弄 Na', 'nn'), ('5 - 之 DE', '4 - 美食 Na', 'nn'), ('6 - 一 Neu', '5 - 之 DE', 'root'), ('0 - root root', '6 - 一 Neu', 'root')]"
80,尤其喜歡炸排骨,15,7,2年前,4,"['尤其', '喜歡', '炸', '排骨']","[(0, 'root root'), (1, '尤其 D'), (2, '喜歡 VK'), (3, '炸 VC'), (4, '排骨 Na')]","[('2 - 喜歡 VK', '1 - 尤其 D', 'advmod'), ('0 - root root', '2 - 喜歡 VK', 'root'), ('2 - 喜歡 VK', '3 - 炸 VC', 'ccomp'), ('3 - 炸 VC', '4 - 排骨 Na', 'dobj')]"
81,只是現在南港選擇性多,15,10,2年前,4,"['只是', '現在', '南港', '選擇性', '多']","[(0, 'root root'), (1, '只是 Cbb'), (2, '現在 Nd'), (3, '南港 Nc'), (4, '選擇性 Na'), (5, '多 VH')]","[('5 - 多 VH', '1 - 只是 Cbb', 'advmod'), ('5 - 多 VH', '2 - 現在 Nd', 'tmod'), ('5 - 多 VH', '3 - 南港 Nc', 'nn'), ('5 - 多 VH', '4 - 選擇性 Na', 'nsubj'), ('0 - root root', '5 - 多 VH', 'root')]"
82,松園相對的比較沒有特色,15,11,2年前,4,"['松園', '相對的', '比較', '沒有', '特色']","[(0, 'root root'), (1, '松園 Nc'), (2, '相對的 Dk'), (3, '比較 Dfa'), (4, '沒有 VJ'), (5, '特色 Na')]","[('4 - 沒有 VJ', '1 - 松園 Nc', 'nsubj'), ('4 - 沒有 VJ', '2 - 相對的 Dk', 'dep'), ('4 - 沒有 VJ', '3 - 比較 Dfa', 'nsubj'), ('0 - root root', '4 - 沒有 VJ', 'root'), ('4 - 沒有 VJ', '5 - 特色 Na', 'dobj')]"
83,肉少湯酸麵糊,16,6,3年前,2,"['肉', '少', '湯酸', '麵糊']","[(0, 'root root'), (1, '肉 Na'), (2, '少 VH'), (3, '湯酸 Na'), (4, '麵糊 Na')]","[('2 - 少 VH', '1 - 肉 Na', 'nsubj'), ('0 - root root', '2 - 少 VH', 'root'), ('2 - 少 VH', '3 - 湯酸 Na', 'nsubj'), ('2 - 少 VH', '4 - 麵糊 Na', 'root')]"
84,價位跟餐食水準對不上,16,10,3年前,2,"['價位', '跟', '餐食', '水準', '對不上']","[(0, 'root root'), (1, '價位 Na'), (2, '跟 P'), (3, '餐食 Na'), (4, '水準 Na'), (5, '對不上 VJ')]","[('4 - 水準 Na', '1 - 價位 Na', 'nsubj'), ('4 - 水準 Na', '2 - 跟 P', 'prep'), ('4 - 水準 Na', '3 - 餐食 Na', 'nn'), ('5 - 對不上 VJ', '4 - 水準 Na', 'pobj'), ('0 - root root', '5 - 對不上 VJ', 'root')]"
85,令人遺憾的一餐,16,7,3年前,2,"['令', '人', '遺憾', '的', '一', '餐']","[(0, 'root root'), (1, '令 VL'), (2, '人 Na'), (3, '遺憾 VK'), (4, '的 DE'), (5, '一 Neu'), (6, '餐 Nf')]","[('6 - 餐 Nf', '1 - 令 VL', 'rcmod'), ('1 - 令 VL', '2 - 人 Na', 'dobj'), ('1 - 令 VL', '3 - 遺憾 VK', 'dep'), ('1 - 令 VL', '4 - 的 DE', 'cpm'), ('6 - 餐 Nf', '5 - 一 Neu', 'nummod'), ('0 - root root', '6 - 餐 Nf', 'root')]"
86,東西好吃便宜,17,6,3年前,4,"['東西', '好吃', '便宜']","[(0, 'root root'), (1, '東西 Na'), (2, '好吃 VH'), (3, '便宜 VH')]","[('2 - 好吃 VH', '1 - 東西 Na', 'nsubj'), ('0 - root root', '2 - 好吃 VH', 'advmod'), ('2 - 好吃 VH', '3 - 便宜 VH', 'dep')]"
87,1992開店到現在,17,9,3年前,4,"['1992', '開店', '到', '現在']","[(0, 'root root'), (1, '1992 Nd'), (2, '開店 VA'), (3, '到 P'), (4, '現在 Nd')]","[('2 - 開店 VA', '1 - 1992 Nd', 'dep'), ('0 - root root', '2 - 開店 VA', 'root'), ('2 - 開店 VA', '3 - 到 P', 'prep'), ('3 - 到 P', '4 - 現在 Nd', 'pobj')]"
88,是中研院員工的吃飯好選項,17,12,3年前,4,"['是', '中研院', '員工', '的', '吃飯', '好', '選項']","[(0, 'root root'), (1, '是 SHI'), (2, '中研院 Nc'), (3, '員工 Na'), (4, '的 DE'), (5, '吃飯 VA'), (6, '好 VH'), (7, '選項 Na')]","[('0 - root root', '1 - 是 SHI', 'root'), ('3 - 員工 Na', '2 - 中研院 Nc', 'nn'), ('7 - 選項 Na', '3 - 員工 Na', 'assmod'), ('3 - 員工 Na', '4 - 的 DE', 'assm'), ('7 - 選項 Na', '5 - 吃飯 VA', 'nn'), ('7 - 選項 Na', '6 - 好 VH', 'amod'), ('1 - 是 SHI', '7 - 選項 Na', 'attr')]"
89,最喜歡榨菜肉絲麵好吃湯頭優,17,13,3年前,4,"['最', '喜歡', '榨', '菜', '肉絲麵', '好吃', '湯頭', '優']","[(0, 'root root'), (1, '最 Dfa'), (2, '喜歡 VK'), (3, '榨 VC'), (4, '菜 Na'), (5, '肉絲麵 Na'), (6, '好吃 VH'), (7, '湯頭 Na'), (8, '優 VH')]","[('2 - 喜歡 VK', '1 - 最 Dfa', 'advmod'), ('0 - root root', '2 - 喜歡 VK', 'root'), ('5 - 肉絲麵 Na', '3 - 榨 VC', 'nn'), ('5 - 肉絲麵 Na', '4 - 菜 Na', 'nn'), ('6 - 好吃 VH', '5 - 肉絲麵 Na', 'dobj'), ('7 - 湯頭 Na', '6 - 好吃 VH', 'ccomp'), ('8 - 優 VH', '7 - 湯頭 Na', 'nsubj'), ('2 - 喜歡 VK', '8 - 優 VH', 'dep')]"
90,價格漲到太誇張,18,7,2年前,2,"['價格', '漲到', '太', '誇張']","[(0, 'root root'), (1, '價格 Na'), (2, '漲到 VH'), (3, '太 Dfa'), (4, '誇張 VHC')]","[('4 - 誇張 VHC', '1 - 價格 Na', 'nsubj'), ('4 - 誇張 VHC', '2 - 漲到 VH', 'root'), ('4 - 誇張 VHC', '3 - 太 Dfa', 'advmod'), ('0 - root root', '4 - 誇張 VHC', 'pccomp')]"
91,麵也不是太好的麵,18,8,2年前,2,"['麵', '也', '不', '是', '太', '好', '的', '麵']","[(0, 'root root'), (1, '麵 Na'), (2, '也 D'), (3, '不 D'), (4, '是 SHI'), (5, '太 Dfa'), (6, '好 VH'), (7, '的 DE'), (8, '麵 Na')]","[('4 - 是 SHI', '1 - 麵 Na', 'nsubj'), ('4 - 是 SHI', '2 - 也 D', 'advmod'), ('4 - 是 SHI', '3 - 不 D', 'neg'), ('0 - root root', '4 - 是 SHI', 'root'), ('6 - 好 VH', '5 - 太 Dfa', 'advmod'), ('8 - 麵 Na', '6 - 好 VH', 'rcmod'), ('6 - 好 VH', '7 - 的 DE', 'cpm'), ('4 - 是 SHI', '8 - 麵 Na', 'attr')]"
92,口味也還好,18,5,2年前,2,"['口味', '也', '還好']","[(0, 'root root'), (1, '口味 Na'), (2, '也 D'), (3, '還好 D')]","[('3 - 還好 D', '1 - 口味 Na', 'nsubj'), ('3 - 還好 D', '2 - 也 D', 'advmod'), ('0 - root root', '3 - 還好 D', 'advmod')]"
93,幾乎沒青菜,18,5,2年前,2,"['幾乎', '沒', '青菜']","[(0, 'root root'), (1, '幾乎 Da'), (2, '沒 VJ'), (3, '青菜 Na')]","[('2 - 沒 VJ', '1 - 幾乎 Da', 'advmod'), ('0 - root root', '2 - 沒 VJ', 'root'), ('2 - 沒 VJ', '3 - 青菜 Na', 'dobj')]"
94,現在幾乎都不去了,18,8,2年前,2,"['現在', '幾乎', '都', '不', '去', '了']","[(0, 'root root'), (1, '現在 Nd'), (2, '幾乎 Da'), (3, '都 D'), (4, '不 D'), (5, '去 VCL'), (6, '了 Di')]","[('5 - 去 VCL', '1 - 現在 Nd', 'tmod'), ('5 - 去 VCL', '2 - 幾乎 Da', 'advmod'), ('5 - 去 VCL', '3 - 都 D', 'advmod'), ('5 - 去 VCL', '4 - 不 D', 'neg'), ('0 - root root', '5 - 去 VCL', 'root'), ('5 - 去 VCL', '6 - 了 Di', 'asp')]"
95,從小吃到大的牛肉麵,19,9,3年前,4,"['從小', '吃到', '大', '的', '牛肉麵']","[(0, 'root root'), (1, '從小 D'), (2, '吃到 VC'), (3, '大 VH'), (4, '的 DE'), (5, '牛肉麵 Na')]","[('2 - 吃到 VC', '1 - 從小 D', 'prep'), ('5 - 牛肉麵 Na', '2 - 吃到 VC', 'rcmod'), ('1 - 從小 D', '3 - 大 VH', 'pobj'), ('2 - 吃到 VC', '4 - 的 DE', 'cpm'), ('0 - root root', '5 - 牛肉麵 Na', 'root')]"
96,味道蠻喜歡的,19,6,3年前,4,"['味道', '蠻', '喜歡', '的']","[(0, 'root root'), (1, '味道 Na'), (2, '蠻 Dfa'), (3, '喜歡 VK'), (4, '的 DE')]","[('3 - 喜歡 VK', '1 - 味道 Na', 'nsubj'), ('3 - 喜歡 VK', '2 - 蠻 Dfa', 'advmod'), ('0 - root root', '3 - 喜歡 VK', 'root'), ('3 - 喜歡 VK', '4 - 的 DE', 'dep')]"
97,份量算少大食量的人可能吃不飽,19,14,3年前,4,"['份量', '算', '少', '大', '食量', '的', '人', '可能', '吃', '不', '飽']","[(0, 'root root'), (1, '份量 Na'), (2, '算 VG'), (3, '少 D'), (4, '大 VH'), (5, '食量 Na'), (6, '的 DE'), (7, '人 Na'), (8, '可能 D'), (9, '吃 VC'), (10, '不 D'), (11, '飽 VH')]","[('2 - 算 VG', '1 - 份量 Na', 'nsubj'), ('9 - 吃 VC', '2 - 算 VG', 'rcmod'), ('2 - 算 VG', '3 - 少 D', 'dobj'), ('5 - 食量 Na', '4 - 大 VH', 'amod'), ('7 - 人 Na', '5 - 食量 Na', 'dobj'), ('5 - 食量 Na', '6 - 的 DE', 'cpm'), ('9 - 吃 VC', '7 - 人 Na', 'nsubj'), ('9 - 吃 VC', '8 - 可能 D', 'mmod'), ('0 - root root', '9 - 吃 VC', 'root'), ('9 - 吃 VC', '10 - 不 D', 'dep'), ('9 - 吃 VC', '11 - 飽 VH', 'dep')]"
98,算不錯,20,3,1年前,3,"['算', '不錯']","[(0, 'root root'), (1, '算 VG'), (2, '不錯 VH')]","[('0 - root root', '1 - 算 VG', 'root'), ('1 - 算 VG', '2 - 不錯 VH', 'ccomp')]"
99,但是不知是辣椒醬太鹹,20,10,1年前,3,"['但是', '不', '知', '是', '辣椒醬', '太', '鹹']","[(0, 'root root'), (1, '但是 Cbb'), (2, '不 D'), (3, '知 VK'), (4, '是 SHI'), (5, '辣椒醬 Na'), (6, '太 Dfa'), (7, '鹹 VH')]","[('3 - 知 VK', '1 - 但是 Cbb', 'advmod'), ('3 - 知 VK', '2 - 不 D', 'neg'), ('0 - root root', '3 - 知 VK', 'root'), ('3 - 知 VK', '4 - 是 SHI', 'ccomp'), ('7 - 鹹 VH', '5 - 辣椒醬 Na', 'nsubj'), ('7 - 鹹 VH', '6 - 太 Dfa', 'advmod'), ('4 - 是 SHI', '7 - 鹹 VH', 'ccomp')]"
100,還是湯頭太鹹,20,6,1年前,3,"['還是', '湯頭', '太', '鹹']","[(0, 'root root'), (1, '還是 D'), (2, '湯頭 Na'), (3, '太 Dfa'), (4, '鹹 VH')]","[('4 - 鹹 VH', '1 - 還是 D', 'cc'), ('4 - 鹹 VH', '2 - 湯頭 Na', 'nsubj'), ('4 - 鹹 VH', '3 - 太 Dfa', 'advmod'), ('0 - root root', '4 - 鹹 VH', 'ccomp')]"
